id,earnings,tournament,date
0,      0,zero,2026-01-05
0,      0,The Sentry,2026-01-11
4690755,1638000,Sony Open in Hawaii,2026-01-18
5076021, 991900,Sony Open in Hawaii,2026-01-18
6825, 627900,Sony Open in Hawaii,2026-01-18
11378, 409500,Sony Open in Hawaii,2026-01-18
5054388, 409500,Sony Open in Hawaii,2026-01-18
9658, 287105,Sony Open in Hawaii,2026-01-18
9025, 287105,Sony Open in Hawaii,2026-01-18
4404991, 287105,Sony Open in Hawaii,2026-01-18
4589438, 287105,Sony Open in Hawaii,2026-01-18
10058, 287105,Sony Open in Hawaii,2026-01-18
9843, 220675,Sony Open in Hawaii,2026-01-18
7081, 220675,Sony Open in Hawaii,2026-01-18
4837368, 163042,Sony Open in Hawaii,2026-01-18
5143175, 163042,Sony Open in Hawaii,2026-01-18
5860, 163042,Sony Open in Hawaii,2026-01-18
4698579, 163042,Sony Open in Hawaii,2026-01-18
3792, 163042,Sony Open in Hawaii,2026-01-18
4408320, 163042,Sony Open in Hawaii,2026-01-18
1407, 111839,Sony Open in Hawaii,2026-01-18
5409, 111839,Sony Open in Hawaii,2026-01-18
4587989, 111839,Sony Open in Hawaii,2026-01-18
4404992, 111839,Sony Open in Hawaii,2026-01-18
4671, 111839,Sony Open in Hawaii,2026-01-18
3980,  72475,Sony Open in Hawaii,2026-01-18
9530,  72475,Sony Open in Hawaii,2026-01-18
5338,  72475,Sony Open in Hawaii,2026-01-18
5075548,  72475,Sony Open in Hawaii,2026-01-18
5467,  72475,Sony Open in Hawaii,2026-01-18
5076011,  72475,Sony Open in Hawaii,2026-01-18
9126,  72475,Sony Open in Hawaii,2026-01-18
6001,  49898,Sony Open in Hawaii,2026-01-18
8974,  49898,Sony Open in Hawaii,2026-01-18
2283,  49898,Sony Open in Hawaii,2026-01-18
10980,  49898,Sony Open in Hawaii,2026-01-18
4699328,  49898,Sony Open in Hawaii,2026-01-18
4426181,  49898,Sony Open in Hawaii,2026-01-18
4423323,  49898,Sony Open in Hawaii,2026-01-18
4410612,  49898,Sony Open in Hawaii,2026-01-18
4691931,  49898,Sony Open in Hawaii,2026-01-18
10166,  31522,Sony Open in Hawaii,2026-01-18
4791222,  31522,Sony Open in Hawaii,2026-01-18
10054,  31522,Sony Open in Hawaii,2026-01-18
6086,  31522,Sony Open in Hawaii,2026-01-18
388,  31522,Sony Open in Hawaii,2026-01-18
10364,  31522,Sony Open in Hawaii,2026-01-18
4408315,  31522,Sony Open in Hawaii,2026-01-18
392,  31522,Sony Open in Hawaii,2026-01-18
9484,  31522,Sony Open in Hawaii,2026-01-18
9127,  31522,Sony Open in Hawaii,2026-01-18
10906,  22404,Sony Open in Hawaii,2026-01-18
5113335,  22404,Sony Open in Hawaii,2026-01-18
11385,  22404,Sony Open in Hawaii,2026-01-18
9040,  22404,Sony Open in Hawaii,2026-01-18
5150294,  22404,Sony Open in Hawaii,2026-01-18
8889,  20930,Sony Open in Hawaii,2026-01-18
10596,  20930,Sony Open in Hawaii,2026-01-18
1614,  20930,Sony Open in Hawaii,2026-01-18
9221,  20930,Sony Open in Hawaii,2026-01-18
11456,  20930,Sony Open in Hawaii,2026-01-18
4901368,  20930,Sony Open in Hawaii,2026-01-18
686,  19929,Sony Open in Hawaii,2026-01-18
4602673,  19929,Sony Open in Hawaii,2026-01-18
1225,  19929,Sony Open in Hawaii,2026-01-18
4832046,  19929,Sony Open in Hawaii,2026-01-18
5217048,  19929,Sony Open in Hawaii,2026-01-18
8906,  19110,Sony Open in Hawaii,2026-01-18
9506,  19110,Sony Open in Hawaii,2026-01-18
9143,  19110,Sony Open in Hawaii,2026-01-18
4868733,  19110,Sony Open in Hawaii,2026-01-18
10030,  18655,Sony Open in Hawaii,2026-01-18
10057,  18382,Sony Open in Hawaii,2026-01-18
5076025,  18382,Sony Open in Hawaii,2026-01-18
5312609,  18109,Sony Open in Hawaii,2026-01-18
1651,  17927,Sony Open in Hawaii,2026-01-18
10592,      0,Sony Open in Hawaii,2026-01-18
11056,      0,Sony Open in Hawaii,2026-01-18
4858572,      0,Sony Open in Hawaii,2026-01-18
4426182,      0,Sony Open in Hawaii,2026-01-18
6011,      0,Sony Open in Hawaii,2026-01-18
4513,      0,Sony Open in Hawaii,2026-01-18
10522,      0,Sony Open in Hawaii,2026-01-18
4425898,      0,Sony Open in Hawaii,2026-01-18
9525,      0,Sony Open in Hawaii,2026-01-18
4597553,      0,Sony Open in Hawaii,2026-01-18
3683,      0,Sony Open in Hawaii,2026-01-18
5113338,      0,Sony Open in Hawaii,2026-01-18
4566443,      0,Sony Open in Hawaii,2026-01-18
3449,      0,Sony Open in Hawaii,2026-01-18
5215039,      0,Sony Open in Hawaii,2026-01-18
11383,      0,Sony Open in Hawaii,2026-01-18
9364,      0,Sony Open in Hawaii,2026-01-18
4361934,      0,Sony Open in Hawaii,2026-01-18
5332047,      0,Sony Open in Hawaii,2026-01-18
11387,      0,Sony Open in Hawaii,2026-01-18
6962,      0,Sony Open in Hawaii,2026-01-18
10863,      0,Sony Open in Hawaii,2026-01-18
4877953,      0,Sony Open in Hawaii,2026-01-18
4408319,      0,Sony Open in Hawaii,2026-01-18
4589406,      0,Sony Open in Hawaii,2026-01-18
5075652,      0,Sony Open in Hawaii,2026-01-18
3550,      0,Sony Open in Hawaii,2026-01-18
4358081,      0,Sony Open in Hawaii,2026-01-18
5882,      0,Sony Open in Hawaii,2026-01-18
4921329,      0,Sony Open in Hawaii,2026-01-18
5139663,      0,Sony Open in Hawaii,2026-01-18
4699418,      0,Sony Open in Hawaii,2026-01-18
5332045,      0,Sony Open in Hawaii,2026-01-18
5692,      0,Sony Open in Hawaii,2026-01-18
2230,      0,Sony Open in Hawaii,2026-01-18
4375977,      0,Sony Open in Hawaii,2026-01-18
4408316,      0,Sony Open in Hawaii,2026-01-18
4618114,      0,Sony Open in Hawaii,2026-01-18
4408318,      0,Sony Open in Hawaii,2026-01-18
5332046,      0,Sony Open in Hawaii,2026-01-18
5209442,      0,Sony Open in Hawaii,2026-01-18
7120,      0,Sony Open in Hawaii,2026-01-18
10372,      0,Sony Open in Hawaii,2026-01-18
11395,      0,Sony Open in Hawaii,2026-01-18
4348470,      0,Sony Open in Hawaii,2026-01-18
5109769,      0,Sony Open in Hawaii,2026-01-18
9478,1656000,The American Express,2026-01-25
1680, 616400,The American Express,2026-01-25
5076021, 616400,The American Express,2026-01-25
5502, 616400,The American Express,2026-01-25
4901368, 616400,The American Express,2026-01-25
4426181, 322000,The American Express,2026-01-25
7081, 322000,The American Express,2026-01-25
10980, 250700,The American Express,2026-01-25
5409, 250700,The American Express,2026-01-25
9221, 250700,The American Express,2026-01-25
11056, 250700,The American Express,2026-01-25
6086, 250700,The American Express,2026-01-25
5150294, 169740,The American Express,2026-01-25
10030, 169740,The American Express,2026-01-25
6007, 169740,The American Express,2026-01-25
5054388, 169740,The American Express,2026-01-25
11119, 169740,The American Express,2026-01-25
9877, 117607,The American Express,2026-01-25
4698579, 117607,The American Express,2026-01-25
5147097, 117607,The American Express,2026-01-25
4837368, 117607,The American Express,2026-01-25
3702, 117607,The American Express,2026-01-25
5211425, 117607,The American Express,2026-01-25
4589438,  81420,The American Express,2026-01-25
388,  81420,The American Express,2026-01-25
4404992,  81420,The American Express,2026-01-25
1651,  57918,The American Express,2026-01-25
11383,  57918,The American Express,2026-01-25
8973,  57918,The American Express,2026-01-25
9506,  57918,The American Express,2026-01-25
10596,  57918,The American Express,2026-01-25
7001,  57918,The American Express,2026-01-25
5217048,  57918,The American Express,2026-01-25
5408,  57918,The American Express,2026-01-25
3792,  57918,The American Express,2026-01-25
9938,  57918,The American Express,2026-01-25
10522,  57918,The American Express,2026-01-25
4602673,  39100,The American Express,2026-01-25
9243,  39100,The American Express,2026-01-25
11378,  39100,The American Express,2026-01-25
6196,  39100,The American Express,2026-01-25
4410932,  39100,The American Express,2026-01-25
10505,  39100,The American Express,2026-01-25
4691931,  25377,The American Express,2026-01-25
11143,  25377,The American Express,2026-01-25
6825,  25377,The American Express,2026-01-25
3683,  25377,The American Express,2026-01-25
257,  25377,The American Express,2026-01-25
9484,  25377,The American Express,2026-01-25
8906,  25377,The American Express,2026-01-25
4423323,  25377,The American Express,2026-01-25
5075652,  25377,The American Express,2026-01-25
11253,  25377,The American Express,2026-01-25
6701,  25377,The American Express,2026-01-25
4858572,  25377,The American Express,2026-01-25
10054,  20884,The American Express,2026-01-25
4921329,  20884,The American Express,2026-01-25
10664,  20884,The American Express,2026-01-25
4671,  20884,The American Express,2026-01-25
9025,  20884,The American Express,2026-01-25
10058,  20884,The American Express,2026-01-25
11101,  20884,The American Express,2026-01-25
4791222,  19688,The American Express,2026-01-25
5113338,  19688,The American Express,2026-01-25
4587989,  19688,The American Express,2026-01-25
10057,  19688,The American Express,2026-01-25
6001,  19688,The American Express,2026-01-25
9037,  19688,The American Express,2026-01-25
5076011,  19044,The American Express,2026-01-25
686,  18768,The American Express,2026-01-25
6962,  18768,The American Express,2026-01-25
3550,  18492,The American Express,2026-01-25
8889,  18308,The American Express,2026-01-25
10364,      0,The American Express,2026-01-25
4425898,      0,The American Express,2026-01-25
1222,      0,The American Express,2026-01-25
5143175,      0,The American Express,2026-01-25
2283,      0,The American Express,2026-01-25
4351896,      0,The American Express,2026-01-25
1264,      0,The American Express,2026-01-25
4602218,      0,The American Express,2026-01-25
4410612,      0,The American Express,2026-01-25
11456,      0,The American Express,2026-01-25
4699418,      0,The American Express,2026-01-25
9658,      0,The American Express,2026-01-25
5338,      0,The American Express,2026-01-25
11332,      0,The American Express,2026-01-25
9127,      0,The American Express,2026-01-25
4408320,      0,The American Express,2026-01-25
8974,      0,The American Express,2026-01-25
4844,      0,The American Express,2026-01-25
3449,      0,The American Express,2026-01-25
11387,      0,The American Express,2026-01-25
1077,      0,The American Express,2026-01-25
6937,      0,The American Express,2026-01-25
2230,      0,The American Express,2026-01-25
110,      0,The American Express,2026-01-25
4699329,      0,The American Express,2026-01-25
4404991,      0,The American Express,2026-01-25
4426182,      0,The American Express,2026-01-25
5113335,      0,The American Express,2026-01-25
5962,      0,The American Express,2026-01-25
5692,      0,The American Express,2026-01-25
10548,      0,The American Express,2026-01-25
6011,      0,The American Express,2026-01-25
569,      0,The American Express,2026-01-25
9364,      0,The American Express,2026-01-25
5882,      0,The American Express,2026-01-25
4408319,      0,The American Express,2026-01-25
1225,      0,The American Express,2026-01-25
4408318,      0,The American Express,2026-01-25
4408315,      0,The American Express,2026-01-25
4585548,      0,The American Express,2026-01-25
1407,      0,The American Express,2026-01-25
10469,      0,The American Express,2026-01-25
3832,      0,The American Express,2026-01-25
4349547,      0,The American Express,2026-01-25
3980,      0,The American Express,2026-01-25
4425904,      0,The American Express,2026-01-25
4361934,      0,The American Express,2026-01-25
5080439,      0,The American Express,2026-01-25
7120,      0,The American Express,2026-01-25
5075548,      0,The American Express,2026-01-25
5724,      0,The American Express,2026-01-25
4877953,      0,The American Express,2026-01-25
5076025,      0,The American Express,2026-01-25
6931,      0,The American Express,2026-01-25
1030,      0,The American Express,2026-01-25
5209442,      0,The American Express,2026-01-25
5139663,      0,The American Express,2026-01-25
4408316,      0,The American Express,2026-01-25
4868733,      0,The American Express,2026-01-25
4618114,      0,The American Express,2026-01-25
4589406,      0,The American Express,2026-01-25
9143,      0,The American Express,2026-01-25
4358083,      0,The American Express,2026-01-25
4566443,      0,The American Express,2026-01-25
8961,      0,The American Express,2026-01-25
3312,      0,The American Express,2026-01-25
4982182,      0,The American Express,2026-01-25
9525,      0,The American Express,2026-01-25
4419142,      0,The American Express,2026-01-25
205,      0,The American Express,2026-01-25
9144,      0,The American Express,2026-01-25
6015,      0,The American Express,2026-01-25
10372,      0,The American Express,2026-01-25
10990,      0,The American Express,2026-01-25
10863,      0,The American Express,2026-01-25
11395,      0,The American Express,2026-01-25
4358081,      0,The American Express,2026-01-25
4682,      0,The American Express,2026-01-25
4375977,      0,The American Express,2026-01-25
4375972,      0,The American Express,2026-01-25
5215039,      0,The American Express,2026-01-25
11385,      0,The American Express,2026-01-25
4832046,      0,The American Express,2026-01-25
569,1728000,Farmers Insurance Open,2026-02-01
4837368, 726400,Farmers Insurance Open,2026-02-01
4858572, 726400,Farmers Insurance Open,2026-02-01
7081, 726400,Farmers Insurance Open,2026-02-01
9843, 370800,Farmers Insurance Open,2026-02-01
6937, 370800,Farmers Insurance Open,2026-02-01
11332, 301600,Farmers Insurance Open,2026-02-01
10980, 301600,Farmers Insurance Open,2026-02-01
6196, 301600,Farmers Insurance Open,2026-02-01
9530, 261600,Farmers Insurance Open,2026-02-01
2230, 193029,Farmers Insurance Open,2026-02-01
5076021, 193029,Farmers Insurance Open,2026-02-01
10372, 193029,Farmers Insurance Open,2026-02-01
8906, 193029,Farmers Insurance Open,2026-02-01
5860, 193029,Farmers Insurance Open,2026-02-01
9221, 193029,Farmers Insurance Open,2026-02-01
6001, 193029,Farmers Insurance Open,2026-02-01
4690755, 132000,Farmers Insurance Open,2026-02-01
4901368, 132000,Farmers Insurance Open,2026-02-01
4425904, 132000,Farmers Insurance Open,2026-02-01
6701, 132000,Farmers Insurance Open,2026-02-01
10057,  92640,Farmers Insurance Open,2026-02-01
4425906,  92640,Farmers Insurance Open,2026-02-01
11250,  92640,Farmers Insurance Open,2026-02-01
5408,  92640,Farmers Insurance Open,2026-02-01
4351896,  92640,Farmers Insurance Open,2026-02-01
6825,  71520,Farmers Insurance Open,2026-02-01
9243,  71520,Farmers Insurance Open,2026-02-01
10522,  71520,Farmers Insurance Open,2026-02-01
4348470,  56280,Farmers Insurance Open,2026-02-01
388,  56280,Farmers Insurance Open,2026-02-01
4589406,  56280,Farmers Insurance Open,2026-02-01
11253,  56280,Farmers Insurance Open,2026-02-01
4426181,  56280,Farmers Insurance Open,2026-02-01
1407,  56280,Farmers Insurance Open,2026-02-01
9144,  56280,Farmers Insurance Open,2026-02-01
11383,  56280,Farmers Insurance Open,2026-02-01
5882,  41760,Farmers Insurance Open,2026-02-01
4408319,  41760,Farmers Insurance Open,2026-02-01
10596,  41760,Farmers Insurance Open,2026-02-01
5147097,  41760,Farmers Insurance Open,2026-02-01
1680,  41760,Farmers Insurance Open,2026-02-01
4691931,  31264,Farmers Insurance Open,2026-02-01
4602218,  31264,Farmers Insurance Open,2026-02-01
5217048,  31264,Farmers Insurance Open,2026-02-01
4513,  31264,Farmers Insurance Open,2026-02-01
4361934,  31264,Farmers Insurance Open,2026-02-01
4671,  31264,Farmers Insurance Open,2026-02-01
5075652,  23739,Farmers Insurance Open,2026-02-01
4858859,  23739,Farmers Insurance Open,2026-02-01
8889,  23739,Farmers Insurance Open,2026-02-01
10664,  23739,Farmers Insurance Open,2026-02-01
4425898,  23739,Farmers Insurance Open,2026-02-01
10054,  23739,Farmers Insurance Open,2026-02-01
4791222,  23739,Farmers Insurance Open,2026-02-01
6798,  22176,Farmers Insurance Open,2026-02-01
5143175,  22176,Farmers Insurance Open,2026-02-01
4566443,  22176,Farmers Insurance Open,2026-02-01
10030,  21504,Farmers Insurance Open,2026-02-01
11456,  21504,Farmers Insurance Open,2026-02-01
7001,  21504,Farmers Insurance Open,2026-02-01
6931,  21504,Farmers Insurance Open,2026-02-01
4698579,  21024,Farmers Insurance Open,2026-02-01
4699418,  20832,Farmers Insurance Open,2026-02-01
4602673,  20352,Farmers Insurance Open,2026-02-01
7120,  20352,Farmers Insurance Open,2026-02-01
5113335,  20352,Farmers Insurance Open,2026-02-01
11119,  20352,Farmers Insurance Open,2026-02-01
9143,  19872,Farmers Insurance Open,2026-02-01
4982182,  19392,Farmers Insurance Open,2026-02-01
6086,  19392,Farmers Insurance Open,2026-02-01
11385,  19392,Farmers Insurance Open,2026-02-01
10863,  19392,Farmers Insurance Open,2026-02-01
5075548,  18912,Farmers Insurance Open,2026-02-01
4426182,      0,Farmers Insurance Open,2026-02-01
4349547,      0,Farmers Insurance Open,2026-02-01
5076025,      0,Farmers Insurance Open,2026-02-01
10140,      0,Farmers Insurance Open,2026-02-01
4618114,      0,Farmers Insurance Open,2026-02-01
6007,      0,Farmers Insurance Open,2026-02-01
4699329,      0,Farmers Insurance Open,2026-02-01
9658,      0,Farmers Insurance Open,2026-02-01
11395,      0,Farmers Insurance Open,2026-02-01
4423323,      0,Farmers Insurance Open,2026-02-01
4585548,      0,Farmers Insurance Open,2026-02-01
11101,      0,Farmers Insurance Open,2026-02-01
4587989,      0,Farmers Insurance Open,2026-02-01
5203536,      0,Farmers Insurance Open,2026-02-01
5140,      0,Farmers Insurance Open,2026-02-01
4997636,      0,Farmers Insurance Open,2026-02-01
3550,      0,Farmers Insurance Open,2026-02-01
11056,      0,Farmers Insurance Open,2026-02-01
6011,      0,Farmers Insurance Open,2026-02-01
5139663,      0,Farmers Insurance Open,2026-02-01
9877,      0,Farmers Insurance Open,2026-02-01
10058,      0,Farmers Insurance Open,2026-02-01
3832,      0,Farmers Insurance Open,2026-02-01
10166,      0,Farmers Insurance Open,2026-02-01
5962,      0,Farmers Insurance Open,2026-02-01
5692,      0,Farmers Insurance Open,2026-02-01
5239148,      0,Farmers Insurance Open,2026-02-01
10588,      0,Farmers Insurance Open,2026-02-01
257,      0,Farmers Insurance Open,2026-02-01
6962,      0,Farmers Insurance Open,2026-02-01
4419142,      0,Farmers Insurance Open,2026-02-01
4375977,      0,Farmers Insurance Open,2026-02-01
10577,      0,Farmers Insurance Open,2026-02-01
8973,      0,Farmers Insurance Open,2026-02-01
4408315,      0,Farmers Insurance Open,2026-02-01
9506,      0,Farmers Insurance Open,2026-02-01
5150294,      0,Farmers Insurance Open,2026-02-01
5573,      0,Farmers Insurance Open,2026-02-01
4408320,      0,Farmers Insurance Open,2026-02-01
1222,      0,Farmers Insurance Open,2026-02-01
4410612,      0,Farmers Insurance Open,2026-02-01
5215039,      0,Farmers Insurance Open,2026-02-01
1059,      0,Farmers Insurance Open,2026-02-01
205,      0,Farmers Insurance Open,2026-02-01
9127,      0,Farmers Insurance Open,2026-02-01
5080439,      0,Farmers Insurance Open,2026-02-01
9484,      0,Farmers Insurance Open,2026-02-01
3683,      0,Farmers Insurance Open,2026-02-01
5209442,      0,Farmers Insurance Open,2026-02-01
9364,      0,Farmers Insurance Open,2026-02-01
5502,      0,Farmers Insurance Open,2026-02-01
4408318,      0,Farmers Insurance Open,2026-02-01
5076011,      0,Farmers Insurance Open,2026-02-01
4358081,      0,Farmers Insurance Open,2026-02-01
4358083,      0,Farmers Insurance Open,2026-02-01
10793,      0,Farmers Insurance Open,2026-02-01
4404991,      0,Farmers Insurance Open,2026-02-01
11393,      0,Farmers Insurance Open,2026-02-01
10548,      0,Farmers Insurance Open,2026-02-01
11387,      0,Farmers Insurance Open,2026-02-01
5113338,      0,Farmers Insurance Open,2026-02-01
4585549,      0,Farmers Insurance Open,2026-02-01
4868733,      0,Farmers Insurance Open,2026-02-01
1077,      0,Farmers Insurance Open,2026-02-01
1651,      0,Farmers Insurance Open,2026-02-01
2283,      0,Farmers Insurance Open,2026-02-01
1264,      0,Farmers Insurance Open,2026-02-01
4375972,      0,Farmers Insurance Open,2026-02-01
4845304,      0,Farmers Insurance Open,2026-02-01
10469,      0,Farmers Insurance Open,2026-02-01
1030,      0,Farmers Insurance Open,2026-02-01
4877953,      0,Farmers Insurance Open,2026-02-01
4921329,      0,Farmers Insurance Open,2026-02-01
4690755,1728000,WM Phoenix Open,2026-02-08
5860,1046400,WM Phoenix Open,2026-02-08
9478, 439680,WM Phoenix Open,2026-02-08
4425904, 439680,WM Phoenix Open,2026-02-08
4419142, 439680,WM Phoenix Open,2026-02-08
11250, 439680,WM Phoenix Open,2026-02-08
7081, 439680,WM Phoenix Open,2026-02-08
9843, 300000,WM Phoenix Open,2026-02-08
9037, 280800,WM Phoenix Open,2026-02-08
4364873, 242400,WM Phoenix Open,2026-02-08
4837368, 242400,WM Phoenix Open,2026-02-08
4858572, 242400,WM Phoenix Open,2026-02-08
8889, 188000,WM Phoenix Open,2026-02-08
4408320, 188000,WM Phoenix Open,2026-02-08
9530, 188000,WM Phoenix Open,2026-02-08
9025, 160800,WM Phoenix Open,2026-02-08
9506, 160800,WM Phoenix Open,2026-02-08
5054388, 122720,WM Phoenix Open,2026-02-08
3702, 122720,WM Phoenix Open,2026-02-08
4791222, 122720,WM Phoenix Open,2026-02-08
8974, 122720,WM Phoenix Open,2026-02-08
8961, 122720,WM Phoenix Open,2026-02-08
10980, 122720,WM Phoenix Open,2026-02-08
11385,  82320,WM Phoenix Open,2026-02-08
10364,  82320,WM Phoenix Open,2026-02-08
4251,  82320,WM Phoenix Open,2026-02-08
11253,  82320,WM Phoenix Open,2026-02-08
3792,  62949,WM Phoenix Open,2026-02-08
5408,  62949,WM Phoenix Open,2026-02-08
5075652,  62949,WM Phoenix Open,2026-02-08
4404992,  62949,WM Phoenix Open,2026-02-08
6931,  62949,WM Phoenix Open,2026-02-08
6937,  62949,WM Phoenix Open,2026-02-08
4410932,  62949,WM Phoenix Open,2026-02-08
10505,  46800,WM Phoenix Open,2026-02-08
4602673,  46800,WM Phoenix Open,2026-02-08
11119,  46800,WM Phoenix Open,2026-02-08
9484,  46800,WM Phoenix Open,2026-02-08
4426181,  46800,WM Phoenix Open,2026-02-08
4671,  46800,WM Phoenix Open,2026-02-08
10140,  34080,WM Phoenix Open,2026-02-08
4348470,  34080,WM Phoenix Open,2026-02-08
4585548,  34080,WM Phoenix Open,2026-02-08
5217048,  34080,WM Phoenix Open,2026-02-08
8906,  34080,WM Phoenix Open,2026-02-08
4425906,  34080,WM Phoenix Open,2026-02-08
4858859,  34080,WM Phoenix Open,2026-02-08
4877953,  24608,WM Phoenix Open,2026-02-08
10057,  24608,WM Phoenix Open,2026-02-08
11395,  24608,WM Phoenix Open,2026-02-08
10030,  24608,WM Phoenix Open,2026-02-08
11383,  24608,WM Phoenix Open,2026-02-08
4921329,  24608,WM Phoenix Open,2026-02-08
10592,  22272,WM Phoenix Open,2026-02-08
5075548,  22272,WM Phoenix Open,2026-02-08
4868733,  22272,WM Phoenix Open,2026-02-08
4698579,  22272,WM Phoenix Open,2026-02-08
5143175,  22272,WM Phoenix Open,2026-02-08
9525,  22272,WM Phoenix Open,2026-02-08
6962,  21312,WM Phoenix Open,2026-02-08
4410612,  21312,WM Phoenix Open,2026-02-08
4361934,  21312,WM Phoenix Open,2026-02-08
6825,  21312,WM Phoenix Open,2026-02-08
3550,  20736,WM Phoenix Open,2026-02-08
4602218,  20736,WM Phoenix Open,2026-02-08
8973,  20352,WM Phoenix Open,2026-02-08
4587989,  20352,WM Phoenix Open,2026-02-08
5209442,  19872,WM Phoenix Open,2026-02-08
11387,  19872,WM Phoenix Open,2026-02-08
5338,  19872,WM Phoenix Open,2026-02-08
4699418,  19488,WM Phoenix Open,2026-02-08
3980,  19296,WM Phoenix Open,2026-02-08
10863,  19104,WM Phoenix Open,2026-02-08
5140,      0,WM Phoenix Open,2026-02-08
6196,      0,WM Phoenix Open,2026-02-08
11101,      0,WM Phoenix Open,2026-02-08
5882,      0,WM Phoenix Open,2026-02-08
5076011,      0,WM Phoenix Open,2026-02-08
5147097,      0,WM Phoenix Open,2026-02-08
5692,      0,WM Phoenix Open,2026-02-08
4408315,      0,WM Phoenix Open,2026-02-08
9243,      0,WM Phoenix Open,2026-02-08
3683,      0,WM Phoenix Open,2026-02-08
9143,      0,WM Phoenix Open,2026-02-08
3449,      0,WM Phoenix Open,2026-02-08
11393,      0,WM Phoenix Open,2026-02-08
6798,      0,WM Phoenix Open,2026-02-08
4901368,      0,WM Phoenix Open,2026-02-08
4425898,      0,WM Phoenix Open,2026-02-08
1407,      0,WM Phoenix Open,2026-02-08
9126,      0,WM Phoenix Open,2026-02-08
9364,      0,WM Phoenix Open,2026-02-08
4408318,      0,WM Phoenix Open,2026-02-08
6086,      0,WM Phoenix Open,2026-02-08
1651,      0,WM Phoenix Open,2026-02-08
4618114,      0,WM Phoenix Open,2026-02-08
10596,      0,WM Phoenix Open,2026-02-08
205,      0,WM Phoenix Open,2026-02-08
7120,      0,WM Phoenix Open,2026-02-08
2230,      0,WM Phoenix Open,2026-02-08
9221,      0,WM Phoenix Open,2026-02-08
5467,      0,WM Phoenix Open,2026-02-08
4566443,      0,WM Phoenix Open,2026-02-08
4375977,      0,WM Phoenix Open,2026-02-08
2283,      0,WM Phoenix Open,2026-02-08
5113338,      0,WM Phoenix Open,2026-02-08
4408316,      0,WM Phoenix Open,2026-02-08
4585549,      0,WM Phoenix Open,2026-02-08
11056,      0,WM Phoenix Open,2026-02-08
1225,      0,WM Phoenix Open,2026-02-08
5080439,      0,WM Phoenix Open,2026-02-08
4589438,      0,WM Phoenix Open,2026-02-08
9938,      0,WM Phoenix Open,2026-02-08
1614,      0,WM Phoenix Open,2026-02-08
11332,      0,WM Phoenix Open,2026-02-08
10058,      0,WM Phoenix Open,2026-02-08
10372,      0,WM Phoenix Open,2026-02-08
4358081,      0,WM Phoenix Open,2026-02-08
4408319,      0,WM Phoenix Open,2026-02-08
10522,      0,WM Phoenix Open,2026-02-08
5076025,      0,WM Phoenix Open,2026-02-08
5334158,      0,WM Phoenix Open,2026-02-08
5113335,      0,WM Phoenix Open,2026-02-08
10592,3600000,AT&T Pebble Beach Pro-Am,2026-02-15
4410932,1760000,AT&T Pebble Beach Pro-Am,2026-02-15
8961,1760000,AT&T Pebble Beach Pro-Am,2026-02-15
9478, 877500,AT&T Pebble Beach Pro-Am,2026-02-15
5539, 877500,AT&T Pebble Beach Pro-Am,2026-02-15
9938, 690000,AT&T Pebble Beach Pro-Am,2026-02-15
4419142, 690000,AT&T Pebble Beach Pro-Am,2026-02-15
4408316, 515000,AT&T Pebble Beach Pro-Am,2026-02-15
4587, 515000,AT&T Pebble Beach Pro-Am,2026-02-15
4858572, 515000,AT&T Pebble Beach Pro-Am,2026-02-15
5860, 515000,AT&T Pebble Beach Pro-Am,2026-02-15
5054388, 515000,AT&T Pebble Beach Pro-Am,2026-02-15
9843, 515000,AT&T Pebble Beach Pro-Am,2026-02-15
3470, 342750,AT&T Pebble Beach Pro-Am,2026-02-15
6007, 342750,AT&T Pebble Beach Pro-Am,2026-02-15
9037, 342750,AT&T Pebble Beach Pro-Am,2026-02-15
6086, 342750,AT&T Pebble Beach Pro-Am,2026-02-15
2230, 292000,AT&T Pebble Beach Pro-Am,2026-02-15
9484, 235000,AT&T Pebble Beach Pro-Am,2026-02-15
5409, 235000,AT&T Pebble Beach Pro-Am,2026-02-15
1225, 235000,AT&T Pebble Beach Pro-Am,2026-02-15
10140, 235000,AT&T Pebble Beach Pro-Am,2026-02-15
3702, 235000,AT&T Pebble Beach Pro-Am,2026-02-15
4589438, 162000,AT&T Pebble Beach Pro-Am,2026-02-15
1680, 162000,AT&T Pebble Beach Pro-Am,2026-02-15
4251, 162000,AT&T Pebble Beach Pro-Am,2026-02-15
5408, 162000,AT&T Pebble Beach Pro-Am,2026-02-15
3792, 162000,AT&T Pebble Beach Pro-Am,2026-02-15
11383, 125200,AT&T Pebble Beach Pro-Am,2026-02-15
4513, 125200,AT&T Pebble Beach Pro-Am,2026-02-15
3832, 125200,AT&T Pebble Beach Pro-Am,2026-02-15
5467, 125200,AT&T Pebble Beach Pro-Am,2026-02-15
9530, 125200,AT&T Pebble Beach Pro-Am,2026-02-15
9658, 104000,AT&T Pebble Beach Pro-Am,2026-02-15
6931, 104000,AT&T Pebble Beach Pro-Am,2026-02-15
4585548, 104000,AT&T Pebble Beach Pro-Am,2026-02-15
4375972,  78375,AT&T Pebble Beach Pro-Am,2026-02-15
569,  78375,AT&T Pebble Beach Pro-Am,2026-02-15
5338,  78375,AT&T Pebble Beach Pro-Am,2026-02-15
10505,  78375,AT&T Pebble Beach Pro-Am,2026-02-15
11378,  78375,AT&T Pebble Beach Pro-Am,2026-02-15
11101,  78375,AT&T Pebble Beach Pro-Am,2026-02-15
4690755,  78375,AT&T Pebble Beach Pro-Am,2026-02-15
4404992,  78375,AT&T Pebble Beach Pro-Am,2026-02-15
7081,  57000,AT&T Pebble Beach Pro-Am,2026-02-15
10166,  57000,AT&T Pebble Beach Pro-Am,2026-02-15
5076021,  57000,AT&T Pebble Beach Pro-Am,2026-02-15
11332,  49250,AT&T Pebble Beach Pro-Am,2026-02-15
1651,  49250,AT&T Pebble Beach Pro-Am,2026-02-15
10364,  49250,AT&T Pebble Beach Pro-Am,2026-02-15
4837368,  49250,AT&T Pebble Beach Pro-Am,2026-02-15
8906,  45000,AT&T Pebble Beach Pro-Am,2026-02-15
3449,  45000,AT&T Pebble Beach Pro-Am,2026-02-15
6825,  45000,AT&T Pebble Beach Pro-Am,2026-02-15
10054,  42000,AT&T Pebble Beach Pro-Am,2026-02-15
4426181,  42000,AT&T Pebble Beach Pro-Am,2026-02-15
4425906,  42000,AT&T Pebble Beach Pro-Am,2026-02-15
4364873,  39750,AT&T Pebble Beach Pro-Am,2026-02-15
11119,  39750,AT&T Pebble Beach Pro-Am,2026-02-15
4426182,  38250,AT&T Pebble Beach Pro-Am,2026-02-15
11393,  38250,AT&T Pebble Beach Pro-Am,2026-02-15
5080439,  38250,AT&T Pebble Beach Pro-Am,2026-02-15
10980,  38250,AT&T Pebble Beach Pro-Am,2026-02-15
676,  36500,AT&T Pebble Beach Pro-Am,2026-02-15
4585549,  36500,AT&T Pebble Beach Pro-Am,2026-02-15
5882,  36500,AT&T Pebble Beach Pro-Am,2026-02-15
4901368,  35083,AT&T Pebble Beach Pro-Am,2026-02-15
6937,  35083,AT&T Pebble Beach Pro-Am,2026-02-15
11385,  35083,AT&T Pebble Beach Pro-Am,2026-02-15
9126,  34375,AT&T Pebble Beach Pro-Am,2026-02-15
4349547,  34375,AT&T Pebble Beach Pro-Am,2026-02-15
8974,  34000,AT&T Pebble Beach Pro-Am,2026-02-15
4566443,  33625,AT&T Pebble Beach Pro-Am,2026-02-15
10906,  33625,AT&T Pebble Beach Pro-Am,2026-02-15
9025,  33125,AT&T Pebble Beach Pro-Am,2026-02-15
4868733,  33125,AT&T Pebble Beach Pro-Am,2026-02-15
10372,  32750,AT&T Pebble Beach Pro-Am,2026-02-15
1030,  32250,AT&T Pebble Beach Pro-Am,2026-02-15
4425904,  32250,AT&T Pebble Beach Pro-Am,2026-02-15
9525,  32250,AT&T Pebble Beach Pro-Am,2026-02-15
5054388,4000000,The Genesis Invitational,2026-02-22
10364,1800000,The Genesis Invitational,2026-02-22
3470,1800000,The Genesis Invitational,2026-02-22
388,1000000,The Genesis Invitational,2026-02-22
5080439, 840000,The Genesis Invitational,2026-02-22
9843, 760000,The Genesis Invitational,2026-02-22
10592, 603200,The Genesis Invitational,2026-02-22
4425906, 603200,The Genesis Invitational,2026-02-22
4251, 603200,The Genesis Invitational,2026-02-22
5539, 603200,The Genesis Invitational,2026-02-22
10140, 603200,The Genesis Invitational,2026-02-22
9478, 415000,The Genesis Invitational,2026-02-22
4410932, 415000,The Genesis Invitational,2026-02-22
3832, 415000,The Genesis Invitational,2026-02-22
5467, 415000,The Genesis Invitational,2026-02-22
4426181, 319000,The Genesis Invitational,2026-02-22
4837368, 319000,The Genesis Invitational,2026-02-22
4419142, 319000,The Genesis Invitational,2026-02-22
4585549, 319000,The Genesis Invitational,2026-02-22
4375972, 259500,The Genesis Invitational,2026-02-22
11378, 259500,The Genesis Invitational,2026-02-22
5408, 224500,The Genesis Invitational,2026-02-22
10980, 224500,The Genesis Invitational,2026-02-22
4587, 178250,The Genesis Invitational,2026-02-22
4901368, 178250,The Genesis Invitational,2026-02-22
9037, 178250,The Genesis Invitational,2026-02-22
11101, 178250,The Genesis Invitational,2026-02-22
3702, 136500,The Genesis Invitational,2026-02-22
5076021, 136500,The Genesis Invitational,2026-02-22
5860, 136500,The Genesis Invitational,2026-02-22
3792, 136500,The Genesis Invitational,2026-02-22
2230, 136500,The Genesis Invitational,2026-02-22
10906, 136500,The Genesis Invitational,2026-02-22
7081, 109000,The Genesis Invitational,2026-02-22
6825, 109000,The Genesis Invitational,2026-02-22
4602673, 109000,The Genesis Invitational,2026-02-22
4585548,  92250,The Genesis Invitational,2026-02-22
9126,  92250,The Genesis Invitational,2026-02-22
8973,  92250,The Genesis Invitational,2026-02-22
6007,  92250,The Genesis Invitational,2026-02-22
4364873,  78000,The Genesis Invitational,2026-02-22
4404992,  78000,The Genesis Invitational,2026-02-22
11119,  78000,The Genesis Invitational,2026-02-22
1030,  70000,The Genesis Invitational,2026-02-22
4858572,  64000,The Genesis Invitational,2026-02-22
9658,  64000,The Genesis Invitational,2026-02-22
11332,  57000,The Genesis Invitational,2026-02-22
10054,  57000,The Genesis Invitational,2026-02-22
4566443,  54000,The Genesis Invitational,2026-02-22
1225,  51500,The Genesis Invitational,2026-02-22
8961,  51500,The Genesis Invitational,2026-02-22
4408316,      0,The Genesis Invitational,2026-02-22
11383,      0,The Genesis Invitational,2026-02-22
9938,      0,The Genesis Invitational,2026-02-22
9530,      0,The Genesis Invitational,2026-02-22
5409,      0,The Genesis Invitational,2026-02-22
10505,      0,The Genesis Invitational,2026-02-22
11385,      0,The Genesis Invitational,2026-02-22
4349547,      0,The Genesis Invitational,2026-02-22
9025,      0,The Genesis Invitational,2026-02-22
4589438,      0,The Genesis Invitational,2026-02-22
9525,      0,The Genesis Invitational,2026-02-22
4513,      0,The Genesis Invitational,2026-02-22
569,      0,The Genesis Invitational,2026-02-22
6086,      0,The Genesis Invitational,2026-02-22
676,      0,The Genesis Invitational,2026-02-22
4690755,      0,The Genesis Invitational,2026-02-22
10166,      0,The Genesis Invitational,2026-02-22
5338,      0,The Genesis Invitational,2026-02-22
8974,      0,The Genesis Invitational,2026-02-22
1680,      0,The Genesis Invitational,2026-02-22
11393,      0,The Genesis Invitational,2026-02-22
4408316,1728000,Cognizant Classic in The Palm Beaches,2026-03-01
10664, 726400,Cognizant Classic in The Palm Beaches,2026-03-01
4587, 726400,Cognizant Classic in The Palm Beaches,2026-03-01
11056, 726400,Cognizant Classic in The Palm Beaches,2026-03-01
4691931, 393600,Cognizant Classic in The Palm Beaches,2026-03-01
11250, 324000,Cognizant Classic in The Palm Beaches,2026-03-01
5076025, 324000,Cognizant Classic in The Palm Beaches,2026-03-01
8906, 324000,Cognizant Classic in The Palm Beaches,2026-03-01
6798, 252000,Cognizant Classic in The Palm Beaches,2026-03-01
11253, 252000,Cognizant Classic in The Palm Beaches,2026-03-01
4566443, 252000,Cognizant Classic in The Palm Beaches,2026-03-01
6196, 252000,Cognizant Classic in The Palm Beaches,2026-03-01
4375977, 182400,Cognizant Classic in The Palm Beaches,2026-03-01
8973, 182400,Cognizant Classic in The Palm Beaches,2026-03-01
3980, 182400,Cognizant Classic in The Palm Beaches,2026-03-01
5075652, 182400,Cognizant Classic in The Palm Beaches,2026-03-01
10596, 132000,Cognizant Classic in The Palm Beaches,2026-03-01
5143175, 132000,Cognizant Classic in The Palm Beaches,2026-03-01
10057, 132000,Cognizant Classic in The Palm Beaches,2026-03-01
8889, 132000,Cognizant Classic in The Palm Beaches,2026-03-01
4410612, 132000,Cognizant Classic in The Palm Beaches,2026-03-01
4348470, 132000,Cognizant Classic in The Palm Beaches,2026-03-01
9506,  77600,Cognizant Classic in The Palm Beaches,2026-03-01
5076021,  77600,Cognizant Classic in The Palm Beaches,2026-03-01
6931,  77600,Cognizant Classic in The Palm Beaches,2026-03-01
10030,  77600,Cognizant Classic in The Palm Beaches,2026-03-01
4408320,  77600,Cognizant Classic in The Palm Beaches,2026-03-01
5076011,  77600,Cognizant Classic in The Palm Beaches,2026-03-01
9143,  77600,Cognizant Classic in The Palm Beaches,2026-03-01
10906,  77600,Cognizant Classic in The Palm Beaches,2026-03-01
6011,  77600,Cognizant Classic in The Palm Beaches,2026-03-01
9221,  54816,Cognizant Classic in The Palm Beaches,2026-03-01
5150294,  54816,Cognizant Classic in The Palm Beaches,2026-03-01
9025,  54816,Cognizant Classic in The Palm Beaches,2026-03-01
1077,  54816,Cognizant Classic in The Palm Beaches,2026-03-01
10990,  54816,Cognizant Classic in The Palm Beaches,2026-03-01
9243,  45600,Cognizant Classic in The Palm Beaches,2026-03-01
10522,  45600,Cognizant Classic in The Palm Beaches,2026-03-01
4426182,  45600,Cognizant Classic in The Palm Beaches,2026-03-01
4408319,  31776,Cognizant Classic in The Palm Beaches,2026-03-01
11383,  31776,Cognizant Classic in The Palm Beaches,2026-03-01
4358083,  31776,Cognizant Classic in The Palm Beaches,2026-03-01
10548,  31776,Cognizant Classic in The Palm Beaches,2026-03-01
4425898,  31776,Cognizant Classic in The Palm Beaches,2026-03-01
1407,  31776,Cognizant Classic in The Palm Beaches,2026-03-01
11387,  31776,Cognizant Classic in The Palm Beaches,2026-03-01
11393,  31776,Cognizant Classic in The Palm Beaches,2026-03-01
8910,  31776,Cognizant Classic in The Palm Beaches,2026-03-01
4858859,  31776,Cognizant Classic in The Palm Beaches,2026-03-01
4404991,  31776,Cognizant Classic in The Palm Beaches,2026-03-01
5140,  31776,Cognizant Classic in The Palm Beaches,2026-03-01
11143,  22992,Cognizant Classic in The Palm Beaches,2026-03-01
9484,  22992,Cognizant Classic in The Palm Beaches,2026-03-01
6001,  22992,Cognizant Classic in The Palm Beaches,2026-03-01
4921329,  22992,Cognizant Classic in The Palm Beaches,2026-03-01
5882,  22176,Cognizant Classic in The Palm Beaches,2026-03-01
5724,  22176,Cognizant Classic in The Palm Beaches,2026-03-01
6962,  22176,Cognizant Classic in The Palm Beaches,2026-03-01
4602673,  21792,Cognizant Classic in The Palm Beaches,2026-03-01
10372,  21504,Cognizant Classic in The Palm Beaches,2026-03-01
4602218,  21504,Cognizant Classic in The Palm Beaches,2026-03-01
1651,  21216,Cognizant Classic in The Palm Beaches,2026-03-01
4982182,  20832,Cognizant Classic in The Palm Beaches,2026-03-01
4671,  20832,Cognizant Classic in The Palm Beaches,2026-03-01
4587989,  20832,Cognizant Classic in The Palm Beaches,2026-03-01
4423323,  20448,Cognizant Classic in The Palm Beaches,2026-03-01
4868733,  20256,Cognizant Classic in The Palm Beaches,2026-03-01
7001,      0,Cognizant Classic in The Palm Beaches,2026-03-01
10058,      0,Cognizant Classic in The Palm Beaches,2026-03-01
5215039,      0,Cognizant Classic in The Palm Beaches,2026-03-01
4791222,      0,Cognizant Classic in The Palm Beaches,2026-03-01
1614,      0,Cognizant Classic in The Palm Beaches,2026-03-01
5962,      0,Cognizant Classic in The Palm Beaches,2026-03-01
4425904,      0,Cognizant Classic in The Palm Beaches,2026-03-01
11456,      0,Cognizant Classic in The Palm Beaches,2026-03-01
4351896,      0,Cognizant Classic in The Palm Beaches,2026-03-01
6701,      0,Cognizant Classic in The Palm Beaches,2026-03-01
5139663,      0,Cognizant Classic in The Palm Beaches,2026-03-01
4618114,      0,Cognizant Classic in The Palm Beaches,2026-03-01
4349547,      0,Cognizant Classic in The Palm Beaches,2026-03-01
4361934,      0,Cognizant Classic in The Palm Beaches,2026-03-01
5692,      0,Cognizant Classic in The Palm Beaches,2026-03-01
5113338,      0,Cognizant Classic in The Palm Beaches,2026-03-01
9364,      0,Cognizant Classic in The Palm Beaches,2026-03-01
3550,      0,Cognizant Classic in The Palm Beaches,2026-03-01
257,      0,Cognizant Classic in The Palm Beaches,2026-03-01
9127,      0,Cognizant Classic in The Palm Beaches,2026-03-01
3474,      0,Cognizant Classic in The Palm Beaches,2026-03-01
6937,      0,Cognizant Classic in The Palm Beaches,2026-03-01
4699329,      0,Cognizant Classic in The Palm Beaches,2026-03-01
4408315,      0,Cognizant Classic in The Palm Beaches,2026-03-01
3449,      0,Cognizant Classic in The Palm Beaches,2026-03-01
5209442,      0,Cognizant Classic in The Palm Beaches,2026-03-01
9144,      0,Cognizant Classic in The Palm Beaches,2026-03-01
2283,      0,Cognizant Classic in The Palm Beaches,2026-03-01
5502,      0,Cognizant Classic in The Palm Beaches,2026-03-01
4304,      0,Cognizant Classic in The Palm Beaches,2026-03-01
5548,      0,Cognizant Classic in The Palm Beaches,2026-03-01
1264,      0,Cognizant Classic in The Palm Beaches,2026-03-01
5217048,      0,Cognizant Classic in The Palm Beaches,2026-03-01
4698579,      0,Cognizant Classic in The Palm Beaches,2026-03-01
205,      0,Cognizant Classic in The Palm Beaches,2026-03-01
1222,      0,Cognizant Classic in The Palm Beaches,2026-03-01
5075548,      0,Cognizant Classic in The Palm Beaches,2026-03-01
5211425,      0,Cognizant Classic in The Palm Beaches,2026-03-01
4832046,      0,Cognizant Classic in The Palm Beaches,2026-03-01
4408318,      0,Cognizant Classic in The Palm Beaches,2026-03-01
5147097,      0,Cognizant Classic in The Palm Beaches,2026-03-01
199,      0,Cognizant Classic in The Palm Beaches,2026-03-01
4844,      0,Cognizant Classic in The Palm Beaches,2026-03-01
7083,      0,Cognizant Classic in The Palm Beaches,2026-03-01
11395,      0,Cognizant Classic in The Palm Beaches,2026-03-01
10577,      0,Cognizant Classic in The Palm Beaches,2026-03-01
11385,      0,Cognizant Classic in The Palm Beaches,2026-03-01
7120,      0,Cognizant Classic in The Palm Beaches,2026-03-01
3454,      0,Cognizant Classic in The Palm Beaches,2026-03-01
4585548,      0,Cognizant Classic in The Palm Beaches,2026-03-01
3683,      0,Cognizant Classic in The Palm Beaches,2026-03-01
10469,      0,Cognizant Classic in The Palm Beaches,2026-03-01
10863,      0,Cognizant Classic in The Palm Beaches,2026-03-01
4589406,      0,Cognizant Classic in The Palm Beaches,2026-03-01
4358081,      0,Cognizant Classic in The Palm Beaches,2026-03-01
4699418,      0,Cognizant Classic in The Palm Beaches,2026-03-01
4419142,4000000,Arnold Palmer Invitational pres. by Mastercard,2026-03-08
9025,2200000,Arnold Palmer Invitational pres. by Mastercard,2026-03-08
4375972,1200000,Arnold Palmer Invitational pres. by Mastercard,2026-03-08
4425906,1200000,Arnold Palmer Invitational pres. by Mastercard,2026-03-08
10592, 840000,Arnold Palmer Invitational pres. by Mastercard,2026-03-08
4691931, 720000,Puerto Rico Open,2026-03-08
10980, 702000,Arnold Palmer Invitational pres. by Mastercard,2026-03-08
5409, 702000,Arnold Palmer Invitational pres. by Mastercard,2026-03-08
4410932, 702000,Arnold Palmer Invitational pres. by Mastercard,2026-03-08
4589438, 578000,Arnold Palmer Invitational pres. by Mastercard,2026-03-08
3702, 578000,Arnold Palmer Invitational pres. by Mastercard,2026-03-08
388, 493000,Arnold Palmer Invitational pres. by Mastercard,2026-03-08
5467, 493000,Arnold Palmer Invitational pres. by Mastercard,2026-03-08
4618114, 436000,Puerto Rico Open,2026-03-08
1651, 373200,Arnold Palmer Invitational pres. by Mastercard,2026-03-08
9530, 373200,Arnold Palmer Invitational pres. by Mastercard,2026-03-08
7081, 373200,Arnold Palmer Invitational pres. by Mastercard,2026-03-08
4364873, 373200,Arnold Palmer Invitational pres. by Mastercard,2026-03-08
8961, 373200,Arnold Palmer Invitational pres. by Mastercard,2026-03-08
5211425, 276000,Puerto Rico Open,2026-03-08
11101, 261000,Arnold Palmer Invitational pres. by Mastercard,2026-03-08
10364, 261000,Arnold Palmer Invitational pres. by Mastercard,2026-03-08
5054388, 261000,Arnold Palmer Invitational pres. by Mastercard,2026-03-08
1030, 261000,Arnold Palmer Invitational pres. by Mastercard,2026-03-08
5338, 261000,Arnold Palmer Invitational pres. by Mastercard,2026-03-08
4690755, 261000,Arnold Palmer Invitational pres. by Mastercard,2026-03-08
4602218, 196000,Puerto Rico Open,2026-03-08
676, 157000,Arnold Palmer Invitational pres. by Mastercard,2026-03-08
11378, 157000,Arnold Palmer Invitational pres. by Mastercard,2026-03-08
11250, 157000,Arnold Palmer Invitational pres. by Mastercard,2026-03-08
4251, 157000,Arnold Palmer Invitational pres. by Mastercard,2026-03-08
6825, 157000,Arnold Palmer Invitational pres. by Mastercard,2026-03-08
3832, 157000,Arnold Palmer Invitational pres. by Mastercard,2026-03-08
5408, 157000,Arnold Palmer Invitational pres. by Mastercard,2026-03-08
9478, 157000,Arnold Palmer Invitational pres. by Mastercard,2026-03-08
10140, 157000,Arnold Palmer Invitational pres. by Mastercard,2026-03-08
9600, 148000,Puerto Rico Open,2026-03-08
5215039, 148000,Puerto Rico Open,2026-03-08
4566443, 148000,Puerto Rico Open,2026-03-08
8906, 109000,Arnold Palmer Invitational pres. by Mastercard,2026-03-08
8974, 109000,Arnold Palmer Invitational pres. by Mastercard,2026-03-08
9126, 109000,Arnold Palmer Invitational pres. by Mastercard,2026-03-08
4858572, 109000,Arnold Palmer Invitational pres. by Mastercard,2026-03-08
4425904, 109000,Arnold Palmer Invitational pres. by Mastercard,2026-03-08
1077,  97500,Puerto Rico Open,2026-03-08
9243,  97500,Puerto Rico Open,2026-03-08
3257,  97500,Puerto Rico Open,2026-03-08
9040,  97500,Puerto Rico Open,2026-03-08
4699329,  97500,Puerto Rico Open,2026-03-08
5139663,  97500,Puerto Rico Open,2026-03-08
10588,  97500,Puerto Rico Open,2026-03-08
4671,  97500,Puerto Rico Open,2026-03-08
3792,  90000,Arnold Palmer Invitational pres. by Mastercard,2026-03-08
9658,  90000,Arnold Palmer Invitational pres. by Mastercard,2026-03-08
11332,  90000,Arnold Palmer Invitational pres. by Mastercard,2026-03-08
5860,  78000,Arnold Palmer Invitational pres. by Mastercard,2026-03-08
4901368,  78000,Arnold Palmer Invitational pres. by Mastercard,2026-03-08
9037,  78000,Arnold Palmer Invitational pres. by Mastercard,2026-03-08
4408316,  66000,Arnold Palmer Invitational pres. by Mastercard,2026-03-08
10664,  66000,Arnold Palmer Invitational pres. by Mastercard,2026-03-08
5502,  66000,Arnold Palmer Invitational pres. by Mastercard,2026-03-08
3683,  63000,Puerto Rico Open,2026-03-08
5150294,  63000,Puerto Rico Open,2026-03-08
8910,  63000,Puerto Rico Open,2026-03-08
4375977,  63000,Puerto Rico Open,2026-03-08
3449,  58000,Arnold Palmer Invitational pres. by Mastercard,2026-03-08
5539,  56000,Arnold Palmer Invitational pres. by Mastercard,2026-03-08
1225,  54000,Arnold Palmer Invitational pres. by Mastercard,2026-03-08
5557,  45480,Puerto Rico Open,2026-03-08
4565467,  45480,Puerto Rico Open,2026-03-08
10030,  45480,Puerto Rico Open,2026-03-08
5548,  45480,Puerto Rico Open,2026-03-08
4361934,  45480,Puerto Rico Open,2026-03-08
11456,  27636,Puerto Rico Open,2026-03-08
4408315,  27636,Puerto Rico Open,2026-03-08
4921329,  27636,Puerto Rico Open,2026-03-08
9127,  27636,Puerto Rico Open,2026-03-08
5692,  27636,Puerto Rico Open,2026-03-08
1548,  27636,Puerto Rico Open,2026-03-08
5724,  27636,Puerto Rico Open,2026-03-08
5075652,  27636,Puerto Rico Open,2026-03-08
10562,  27636,Puerto Rico Open,2026-03-08
10990,  27636,Puerto Rico Open,2026-03-08
5076011,  27636,Puerto Rico Open,2026-03-08
6701,  19450,Puerto Rico Open,2026-03-08
5143175,  19450,Puerto Rico Open,2026-03-08
5076006,  19450,Puerto Rico Open,2026-03-08
6011,  19450,Puerto Rico Open,2026-03-08
4425898,  14600,Puerto Rico Open,2026-03-08
9143,  14600,Puerto Rico Open,2026-03-08
4304,  14600,Puerto Rico Open,2026-03-08
10596,  14600,Puerto Rico Open,2026-03-08
4698579,  14600,Puerto Rico Open,2026-03-08
5113338,  14600,Puerto Rico Open,2026-03-08
10058,  14600,Puerto Rico Open,2026-03-08
6922,  14600,Puerto Rico Open,2026-03-08
10469,  10253,Puerto Rico Open,2026-03-08
9569,  10253,Puerto Rico Open,2026-03-08
4589406,  10253,Puerto Rico Open,2026-03-08
4423323,  10253,Puerto Rico Open,2026-03-08
2283,  10253,Puerto Rico Open,2026-03-08
11395,  10253,Puerto Rico Open,2026-03-08
5573,   9360,Puerto Rico Open,2026-03-08
2571,   9360,Puerto Rico Open,2026-03-08
8889,   9360,Puerto Rico Open,2026-03-08
5619,   9360,Puerto Rico Open,2026-03-08
11387,   9120,Puerto Rico Open,2026-03-08
4408319,   9120,Puerto Rico Open,2026-03-08
1264,   9000,Puerto Rico Open,2026-03-08
5025,   8920,Puerto Rico Open,2026-03-08
7120,   8840,Puerto Rico Open,2026-03-08
3970,   8720,Puerto Rico Open,2026-03-08
11143,   8720,Puerto Rico Open,2026-03-08
4858859,   8600,Puerto Rico Open,2026-03-08
5188680,      0,Arnold Palmer Invitational pres. by Mastercard,2026-03-08
5076021,      0,Arnold Palmer Invitational pres. by Mastercard,2026-03-08
9221,      0,Arnold Palmer Invitational pres. by Mastercard,2026-03-08
6196,      0,Arnold Palmer Invitational pres. by Mastercard,2026-03-08
6086,      0,Arnold Palmer Invitational pres. by Mastercard,2026-03-08
4587,      0,Arnold Palmer Invitational pres. by Mastercard,2026-03-08
10166,      0,Arnold Palmer Invitational pres. by Mastercard,2026-03-08
4404992,      0,Arnold Palmer Invitational pres. by Mastercard,2026-03-08
9525,      0,Arnold Palmer Invitational pres. by Mastercard,2026-03-08
11382,      0,Arnold Palmer Invitational pres. by Mastercard,2026-03-08
1680,      0,Arnold Palmer Invitational pres. by Mastercard,2026-03-08
9938,      0,Arnold Palmer Invitational pres. by Mastercard,2026-03-08
6007,      0,Arnold Palmer Invitational pres. by Mastercard,2026-03-08
4837368,      0,Arnold Palmer Invitational pres. by Mastercard,2026-03-08
10054,      0,Arnold Palmer Invitational pres. by Mastercard,2026-03-08
4513,      0,Arnold Palmer Invitational pres. by Mastercard,2026-03-08
4426181,      0,Arnold Palmer Invitational pres. by Mastercard,2026-03-08
569,      0,Arnold Palmer Invitational pres. by Mastercard,2026-03-08
5080439,      0,Arnold Palmer Invitational pres. by Mastercard,2026-03-08
10505,      0,Arnold Palmer Invitational pres. by Mastercard,2026-03-08
4848,      0,Arnold Palmer Invitational pres. by Mastercard,2026-03-08
3470,      0,Arnold Palmer Invitational pres. by Mastercard,2026-03-08
11056,      0,Arnold Palmer Invitational pres. by Mastercard,2026-03-08
5221421,      0,Puerto Rico Open,2026-03-08
5215694,      0,Puerto Rico Open,2026-03-08
5209798,      0,Puerto Rico Open,2026-03-08
9144,      0,Puerto Rico Open,2026-03-08
4372851,      0,Puerto Rico Open,2026-03-08
6015,      0,Puerto Rico Open,2026-03-08
10522,      0,Puerto Rico Open,2026-03-08
4351896,      0,Puerto Rico Open,2026-03-08
2883,      0,Puerto Rico Open,2026-03-08
1059,      0,Puerto Rico Open,2026-03-08
5962,      0,Puerto Rico Open,2026-03-08
10577,      0,Puerto Rico Open,2026-03-08
6001,      0,Puerto Rico Open,2026-03-08
11098,      0,Puerto Rico Open,2026-03-08
4844,      0,Puerto Rico Open,2026-03-08
205,      0,Puerto Rico Open,2026-03-08
1222,      0,Puerto Rico Open,2026-03-08
9517,      0,Puerto Rico Open,2026-03-08
4832046,      0,Puerto Rico Open,2026-03-08
10548,      0,Puerto Rico Open,2026-03-08
3375,      0,Puerto Rico Open,2026-03-08
5257024,      0,Puerto Rico Open,2026-03-08
4408318,      0,Puerto Rico Open,2026-03-08
4358081,      0,Puerto Rico Open,2026-03-08
10998,      0,Puerto Rico Open,2026-03-08
4410612,      0,Puerto Rico Open,2026-03-08
5209442,      0,Puerto Rico Open,2026-03-08
110,      0,Puerto Rico Open,2026-03-08
1037,      0,Puerto Rico Open,2026-03-08
10048,      0,Puerto Rico Open,2026-03-08
6962,      0,Puerto Rico Open,2026-03-08
4638,      0,Puerto Rico Open,2026-03-08
4982182,      0,Puerto Rico Open,2026-03-08
4339409,      0,Puerto Rico Open,2026-03-08
5075548,      0,Puerto Rico Open,2026-03-08
4693951,      0,Puerto Rico Open,2026-03-08
5704,      0,Puerto Rico Open,2026-03-08
7001,      0,Puerto Rico Open,2026-03-08
3474,      0,Puerto Rico Open,2026-03-08
5339672,      0,Puerto Rico Open,2026-03-08
9364,      0,Puerto Rico Open,2026-03-08
5293234,      0,Puerto Rico Open,2026-03-08
10057,      0,Puerto Rico Open,2026-03-08
11253,      0,Puerto Rico Open,2026-03-08
5147212,      0,Puerto Rico Open,2026-03-08
962,      0,Puerto Rico Open,2026-03-08
5169608,      0,Puerto Rico Open,2026-03-08
3532,      0,Puerto Rico Open,2026-03-08
4358083,      0,Puerto Rico Open,2026-03-08
5272342,      0,Puerto Rico Open,2026-03-08
4610053,      0,Puerto Rico Open,2026-03-08
5239148,      0,Puerto Rico Open,2026-03-08
508,      0,Puerto Rico Open,2026-03-08
5203540,      0,Puerto Rico Open,2026-03-08
6999,      0,Puerto Rico Open,2026-03-08
4425906,4500000,THE PLAYERS Championship,2026-03-15
9037,2725000,THE PLAYERS Championship,2026-03-15
10140,1725000,THE PLAYERS Championship,2026-03-15
11378,1225000,THE PLAYERS Championship,2026-03-15
5143175, 925000,THE PLAYERS Championship,2026-03-15
5054388, 925000,THE PLAYERS Championship,2026-03-15
4375972, 925000,THE PLAYERS Championship,2026-03-15
5539, 731250,THE PLAYERS Championship,2026-03-15
8961, 731250,THE PLAYERS Championship,2026-03-15
4848, 731250,THE PLAYERS Championship,2026-03-15
6825, 606250,THE PLAYERS Championship,2026-03-15
1225, 606250,THE PLAYERS Championship,2026-03-15
9938, 409028,THE PLAYERS Championship,2026-03-15
4419142, 409028,THE PLAYERS Championship,2026-03-15
6798, 409028,THE PLAYERS Championship,2026-03-15
4858572, 409028,THE PLAYERS Championship,2026-03-15
569, 409028,THE PLAYERS Championship,2026-03-15
5409, 409028,THE PLAYERS Championship,2026-03-15
11056, 409028,THE PLAYERS Championship,2026-03-15
4364873, 409028,THE PLAYERS Championship,2026-03-15
9126, 409028,THE PLAYERS Championship,2026-03-15
9478, 271250,THE PLAYERS Championship,2026-03-15
4425904, 271250,THE PLAYERS Championship,2026-03-15
10166, 221250,THE PLAYERS Championship,2026-03-15
9484, 221250,THE PLAYERS Championship,2026-03-15
5076025, 221250,THE PLAYERS Championship,2026-03-15
5860, 178750,THE PLAYERS Championship,2026-03-15
11250, 178750,THE PLAYERS Championship,2026-03-15
3449, 178750,THE PLAYERS Championship,2026-03-15
5076021, 178750,THE PLAYERS Championship,2026-03-15
10057, 178750,THE PLAYERS Championship,2026-03-15
10522, 128250,THE PLAYERS Championship,2026-03-15
5467, 128250,THE PLAYERS Championship,2026-03-15
6007, 128250,THE PLAYERS Championship,2026-03-15
5338, 128250,THE PLAYERS Championship,2026-03-15
5502, 128250,THE PLAYERS Championship,2026-03-15
3832, 128250,THE PLAYERS Championship,2026-03-15
8973, 128250,THE PLAYERS Championship,2026-03-15
4410932, 128250,THE PLAYERS Championship,2026-03-15
9530, 128250,THE PLAYERS Championship,2026-03-15
10980, 128250,THE PLAYERS Championship,2026-03-15
3702,  91250,THE PLAYERS Championship,2026-03-15
3792,  91250,THE PLAYERS Championship,2026-03-15
11119,  91250,THE PLAYERS Championship,2026-03-15
4868733,  91250,THE PLAYERS Championship,2026-03-15
3470,  72125,THE PLAYERS Championship,2026-03-15
9658,  72125,THE PLAYERS Championship,2026-03-15
4566443,  72125,THE PLAYERS Championship,2026-03-15
8906,  72125,THE PLAYERS Championship,2026-03-15
10505,  61083,THE PLAYERS Championship,2026-03-15
10030,  61083,THE PLAYERS Championship,2026-03-15
10664,  61083,THE PLAYERS Championship,2026-03-15
11383,  61083,THE PLAYERS Championship,2026-03-15
7081,  61083,THE PLAYERS Championship,2026-03-15
4513,  61083,THE PLAYERS Championship,2026-03-15
388,  58000,THE PLAYERS Championship,2026-03-15
4690755,  58000,THE PLAYERS Championship,2026-03-15
4426181,  57250,THE PLAYERS Championship,2026-03-15
4408320,  56250,THE PLAYERS Championship,2026-03-15
4404991,  56250,THE PLAYERS Championship,2026-03-15
1680,  56250,THE PLAYERS Championship,2026-03-15
4408319,  54500,THE PLAYERS Championship,2026-03-15
4426182,  54500,THE PLAYERS Championship,2026-03-15
11385,  54500,THE PLAYERS Championship,2026-03-15
6937,  54500,THE PLAYERS Championship,2026-03-15
4348470,  52750,THE PLAYERS Championship,2026-03-15
9025,  52750,THE PLAYERS Championship,2026-03-15
4408316,  52750,THE PLAYERS Championship,2026-03-15
4921329,  51750,THE PLAYERS Championship,2026-03-15
4691931,  50750,THE PLAYERS Championship,2026-03-15
6001,  50750,THE PLAYERS Championship,2026-03-15
2230,  50750,THE PLAYERS Championship,2026-03-15
4410612,  49750,THE PLAYERS Championship,2026-03-15
10372,      0,THE PLAYERS Championship,2026-03-15
5150294,      0,THE PLAYERS Championship,2026-03-15
11253,      0,THE PLAYERS Championship,2026-03-15
1030,      0,THE PLAYERS Championship,2026-03-15
4901368,      0,THE PLAYERS Championship,2026-03-15
9843,      0,THE PLAYERS Championship,2026-03-15
11382,      0,THE PLAYERS Championship,2026-03-15
9525,      0,THE PLAYERS Championship,2026-03-15
4791222,      0,THE PLAYERS Championship,2026-03-15
676,      0,THE PLAYERS Championship,2026-03-15
9364,      0,THE PLAYERS Championship,2026-03-15
4589438,      0,THE PLAYERS Championship,2026-03-15
5217048,      0,THE PLAYERS Championship,2026-03-15
3550,      0,THE PLAYERS Championship,2026-03-15
10906,      0,THE PLAYERS Championship,2026-03-15
9221,      0,THE PLAYERS Championship,2026-03-15
4602218,      0,THE PLAYERS Championship,2026-03-15
4404992,      0,THE PLAYERS Championship,2026-03-15
5140,      0,THE PLAYERS Championship,2026-03-15
4408315,      0,THE PLAYERS Championship,2026-03-15
4587,      0,THE PLAYERS Championship,2026-03-15
10596,      0,THE PLAYERS Championship,2026-03-15
4698579,      0,THE PLAYERS Championship,2026-03-15
10364,      0,THE PLAYERS Championship,2026-03-15
6196,      0,THE PLAYERS Championship,2026-03-15
10863,      0,THE PLAYERS Championship,2026-03-15
8889,      0,THE PLAYERS Championship,2026-03-15
11332,      0,THE PLAYERS Championship,2026-03-15
9143,      0,THE PLAYERS Championship,2026-03-15
9243,      0,THE PLAYERS Championship,2026-03-15
5408,      0,THE PLAYERS Championship,2026-03-15
10054,      0,THE PLAYERS Championship,2026-03-15
4585549,      0,THE PLAYERS Championship,2026-03-15
6931,      0,THE PLAYERS Championship,2026-03-15
5080439,      0,THE PLAYERS Championship,2026-03-15
3980,      0,THE PLAYERS Championship,2026-03-15
9506,      0,THE PLAYERS Championship,2026-03-15
4585548,      0,THE PLAYERS Championship,2026-03-15
11393,      0,THE PLAYERS Championship,2026-03-15
5147097,      0,THE PLAYERS Championship,2026-03-15
5075652,      0,THE PLAYERS Championship,2026-03-15
6086,      0,THE PLAYERS Championship,2026-03-15
11101,      0,THE PLAYERS Championship,2026-03-15
8974,      0,THE PLAYERS Championship,2026-03-15
4587989,      0,THE PLAYERS Championship,2026-03-15
4349547,      0,THE PLAYERS Championship,2026-03-15
4837368,      0,THE PLAYERS Championship,2026-03-15
5882,      0,THE PLAYERS Championship,2026-03-15
10058,      0,THE PLAYERS Championship,2026-03-15
10592,      0,THE PLAYERS Championship,2026-03-15
9037,1638000,Valspar Championship,2026-03-22
6701, 991900,Valspar Championship,2026-03-22
9506, 627900,Valspar Championship,2026-03-22
10140, 382958,Valspar Championship,2026-03-22
4585549, 382958,Valspar Championship,2026-03-22
11382, 382958,Valspar Championship,2026-03-22
5882, 276413,Valspar Championship,2026-03-22
6937, 276413,Valspar Championship,2026-03-22
6007, 276413,Valspar Championship,2026-03-22
4698579, 276413,Valspar Championship,2026-03-22
5075652, 211575,Valspar Championship,2026-03-22
10596, 211575,Valspar Championship,2026-03-22
5467, 211575,Valspar Championship,2026-03-22
11387, 161525,Valspar Championship,2026-03-22
5054388, 161525,Valspar Championship,2026-03-22
3550, 161525,Valspar Championship,2026-03-22
9126, 161525,Valspar Championship,2026-03-22
1614, 108290,Valspar Championship,2026-03-22
4404991, 108290,Valspar Championship,2026-03-22
4408319, 108290,Valspar Championship,2026-03-22
6798, 108290,Valspar Championship,2026-03-22
2230, 108290,Valspar Championship,2026-03-22
4602673, 108290,Valspar Championship,2026-03-22
4618114, 108290,Valspar Championship,2026-03-22
1222, 108290,Valspar Championship,2026-03-22
10054,  69160,Valspar Championship,2026-03-22
4423323,  69160,Valspar Championship,2026-03-22
11385,  69160,Valspar Championship,2026-03-22
5076011,  69160,Valspar Championship,2026-03-22
4848,  51142,Valspar Championship,2026-03-22
8974,  51142,Valspar Championship,2026-03-22
9243,  51142,Valspar Championship,2026-03-22
4358081,  51142,Valspar Championship,2026-03-22
10990,  51142,Valspar Championship,2026-03-22
5502,  51142,Valspar Championship,2026-03-22
4858572,  51142,Valspar Championship,2026-03-22
6001,  51142,Valspar Championship,2026-03-22
3257,  51142,Valspar Championship,2026-03-22
4349547,  51142,Valspar Championship,2026-03-22
4566443,  35035,Valspar Championship,2026-03-22
5211425,  35035,Valspar Championship,2026-03-22
5113338,  35035,Valspar Championship,2026-03-22
6825,  35035,Valspar Championship,2026-03-22
10548,  35035,Valspar Championship,2026-03-22
11456,  35035,Valspar Championship,2026-03-22
5150294,  24115,Valspar Championship,2026-03-22
4602218,  24115,Valspar Championship,2026-03-22
5075548,  24115,Valspar Championship,2026-03-22
4361934,  24115,Valspar Championship,2026-03-22
4691931,  24115,Valspar Championship,2026-03-22
4410612,  24115,Valspar Championship,2026-03-22
4589406,  24115,Valspar Championship,2026-03-22
4358083,  24115,Valspar Championship,2026-03-22
9484,  24115,Valspar Championship,2026-03-22
11332,  20657,Valspar Championship,2026-03-22
4513,  20657,Valspar Championship,2026-03-22
4837368,  20657,Valspar Championship,2026-03-22
6931,  20657,Valspar Championship,2026-03-22
11250,  20657,Valspar Championship,2026-03-22
4671,  20657,Valspar Championship,2026-03-22
9144,  20657,Valspar Championship,2026-03-22
4587989,  20657,Valspar Championship,2026-03-22
4858859,  20657,Valspar Championship,2026-03-22
6196,  19474,Valspar Championship,2026-03-22
7001,  19474,Valspar Championship,2026-03-22
5147097,  19474,Valspar Championship,2026-03-22
10057,  19474,Valspar Championship,2026-03-22
4408315,  18655,Valspar Championship,2026-03-22
11253,  18655,Valspar Championship,2026-03-22
1077,  18655,Valspar Championship,2026-03-22
5573,  18655,Valspar Championship,2026-03-22
1651,  18655,Valspar Championship,2026-03-22
4408320,  18109,Valspar Championship,2026-03-22
5338,  17927,Valspar Championship,2026-03-22
4348470,      0,Valspar Championship,2026-03-22
4426182,      0,Valspar Championship,2026-03-22
8889,      0,Valspar Championship,2026-03-22
5140,      0,Valspar Championship,2026-03-22
5209442,      0,Valspar Championship,2026-03-22
10522,      0,Valspar Championship,2026-03-22
6962,      0,Valspar Championship,2026-03-22
4351896,      0,Valspar Championship,2026-03-22
11119,      0,Valspar Championship,2026-03-22
4404992,      0,Valspar Championship,2026-03-22
4921329,      0,Valspar Championship,2026-03-22
3474,      0,Valspar Championship,2026-03-22
4375977,      0,Valspar Championship,2026-03-22
7120,      0,Valspar Championship,2026-03-22
9600,      0,Valspar Championship,2026-03-22
4364873,      0,Valspar Championship,2026-03-22
10030,      0,Valspar Championship,2026-03-22
4699329,      0,Valspar Championship,2026-03-22
10906,      0,Valspar Championship,2026-03-22
4425898,      0,Valspar Championship,2026-03-22
1407,      0,Valspar Championship,2026-03-22
5692,      0,Valspar Championship,2026-03-22
4832046,      0,Valspar Championship,2026-03-22
4982182,      0,Valspar Championship,2026-03-22
11383,      0,Valspar Championship,2026-03-22
3792,      0,Valspar Championship,2026-03-22
6066,      0,Valspar Championship,2026-03-22
4868733,      0,Valspar Championship,2026-03-22
3980,      0,Valspar Championship,2026-03-22
676,      0,Valspar Championship,2026-03-22
4304,      0,Valspar Championship,2026-03-22
9040,      0,Valspar Championship,2026-03-22
10166,      0,Valspar Championship,2026-03-22
10058,      0,Valspar Championship,2026-03-22
9127,      0,Valspar Championship,2026-03-22
2283,      0,Valspar Championship,2026-03-22
5139663,      0,Valspar Championship,2026-03-22
4791222,      0,Valspar Championship,2026-03-22
9143,      0,Valspar Championship,2026-03-22
6011,      0,Valspar Championship,2026-03-22
10980,      0,Valspar Championship,2026-03-22
5548,      0,Valspar Championship,2026-03-22
9658,      0,Valspar Championship,2026-03-22
4845307,      0,Valspar Championship,2026-03-22
10588,      0,Valspar Championship,2026-03-22
10372,      0,Valspar Championship,2026-03-22
9364,      0,Valspar Championship,2026-03-22
11393,      0,Valspar Championship,2026-03-22
5327836,      0,Valspar Championship,2026-03-22
3683,      0,Valspar Championship,2026-03-22
10664,      0,Valspar Championship,2026-03-22
257,      0,Valspar Championship,2026-03-22
11056,      0,Valspar Championship,2026-03-22
205,      0,Valspar Championship,2026-03-22
4901368,      0,Valspar Championship,2026-03-22
8973,      0,Valspar Championship,2026-03-22
10863,      0,Valspar Championship,2026-03-22
5215039,      0,Valspar Championship,2026-03-22
4408318,      0,Valspar Championship,2026-03-22
5217048,      0,Valspar Championship,2026-03-22
9525,      0,Valspar Championship,2026-03-22
3550,1782000,Texas Children's Houston Open,2026-03-29
11250,1079100,Texas Children's Houston Open,2026-03-29
5217048, 584100,Texas Children's Houston Open,2026-03-29
4410932, 584100,Texas Children's Houston Open,2026-03-29
4426181, 405900,Texas Children's Houston Open,2026-03-29
9843, 322988,Texas Children's Houston Open,2026-03-29
4690755, 322988,Texas Children's Houston Open,2026-03-29
5143175, 322988,Texas Children's Houston Open,2026-03-29
1680, 322988,Texas Children's Houston Open,2026-03-29
1626, 259875,Texas Children's Houston Open,2026-03-29
10980, 259875,Texas Children's Houston Open,2026-03-29
5076011, 220275,Texas Children's Houston Open,2026-03-29
10054, 220275,Texas Children's Houston Open,2026-03-29
8906, 170775,Texas Children's Houston Open,2026-03-29
5140, 170775,Texas Children's Houston Open,2026-03-29
4375977, 170775,Texas Children's Houston Open,2026-03-29
1030, 170775,Texas Children's Houston Open,2026-03-29
4425904, 170775,Texas Children's Houston Open,2026-03-29
11383, 136125,Texas Children's Houston Open,2026-03-29
5147097, 136125,Texas Children's Houston Open,2026-03-29
9938,  96525,Texas Children's Houston Open,2026-03-29
5408,  96525,Texas Children's Houston Open,2026-03-29
5080439,  96525,Texas Children's Houston Open,2026-03-29
9484,  96525,Texas Children's Houston Open,2026-03-29
6011,  96525,Texas Children's Houston Open,2026-03-29
8889,  96525,Texas Children's Houston Open,2026-03-29
388,  96525,Texas Children's Houston Open,2026-03-29
4791222,  59625,Texas Children's Houston Open,2026-03-29
4404992,  59625,Texas Children's Houston Open,2026-03-29
4589438,  59625,Texas Children's Houston Open,2026-03-29
11253,  59625,Texas Children's Houston Open,2026-03-29
4587,  59625,Texas Children's Houston Open,2026-03-29
4408315,  59625,Texas Children's Houston Open,2026-03-29
4921329,  59625,Texas Children's Houston Open,2026-03-29
11385,  59625,Texas Children's Houston Open,2026-03-29
10057,  59625,Texas Children's Houston Open,2026-03-29
6937,  59625,Texas Children's Houston Open,2026-03-29
4982182,  59625,Texas Children's Houston Open,2026-03-29
4408318,  41085,Texas Children's Houston Open,2026-03-29
6962,  41085,Texas Children's Houston Open,2026-03-29
4425898,  41085,Texas Children's Houston Open,2026-03-29
2230,  41085,Texas Children's Houston Open,2026-03-29
3474,  41085,Texas Children's Houston Open,2026-03-29
5076025,  32175,Texas Children's Houston Open,2026-03-29
9506,  32175,Texas Children's Houston Open,2026-03-29
5502,  32175,Texas Children's Houston Open,2026-03-29
4691931,  32175,Texas Children's Houston Open,2026-03-29
9364,  26433,Texas Children's Houston Open,2026-03-29
4671,  26433,Texas Children's Houston Open,2026-03-29
4426182,  26433,Texas Children's Houston Open,2026-03-29
10596,  23938,Texas Children's Houston Open,2026-03-29
10522,  23938,Texas Children's Houston Open,2026-03-29
9243,  23938,Texas Children's Houston Open,2026-03-29
10548,  23938,Texas Children's Houston Open,2026-03-29
3449,  23938,Texas Children's Houston Open,2026-03-29
257,  22770,Texas Children's Houston Open,2026-03-29
10990,  22770,Texas Children's Houston Open,2026-03-29
4304,  22770,Texas Children's Houston Open,2026-03-29
4602673,  22770,Texas Children's Houston Open,2026-03-29
10364,  21879,Texas Children's Houston Open,2026-03-29
11382,  21879,Texas Children's Houston Open,2026-03-29
7001,  21879,Texas Children's Houston Open,2026-03-29
10058,  21879,Texas Children's Houston Open,2026-03-29
4410612,  21879,Texas Children's Houston Open,2026-03-29
4408320,  21087,Texas Children's Houston Open,2026-03-29
5692,  21087,Texas Children's Houston Open,2026-03-29
4404991,  21087,Texas Children's Houston Open,2026-03-29
4408319,  20691,Texas Children's Houston Open,2026-03-29
11393,  20394,Texas Children's Houston Open,2026-03-29
4699329,  20394,Texas Children's Houston Open,2026-03-29
2283,  19899,Texas Children's Houston Open,2026-03-29
6086,  19899,Texas Children's Houston Open,2026-03-29
5882,  19899,Texas Children's Houston Open,2026-03-29
4566443,  19503,Texas Children's Houston Open,2026-03-29
5215039,  19305,Texas Children's Houston Open,2026-03-29
5289811,      0,Texas Children's Houston Open,2026-03-29
4832046,      0,Texas Children's Houston Open,2026-03-29
9127,      0,Texas Children's Houston Open,2026-03-29
4868733,      0,Texas Children's Houston Open,2026-03-29
10505,      0,Texas Children's Houston Open,2026-03-29
6931,      0,Texas Children's Houston Open,2026-03-29
4349547,      0,Texas Children's Houston Open,2026-03-29
11387,      0,Texas Children's Houston Open,2026-03-29
9877,      0,Texas Children's Houston Open,2026-03-29
4858859,      0,Texas Children's Houston Open,2026-03-29
10664,      0,Texas Children's Houston Open,2026-03-29
10047,      0,Texas Children's Houston Open,2026-03-29
4585549,      0,Texas Children's Houston Open,2026-03-29
5076021,      0,Texas Children's Houston Open,2026-03-29
4602218,      0,Texas Children's Houston Open,2026-03-29
11456,      0,Texas Children's Houston Open,2026-03-29
205,      0,Texas Children's Houston Open,2026-03-29
1651,      0,Texas Children's Houston Open,2026-03-29
9221,      0,Texas Children's Houston Open,2026-03-29
5209442,      0,Texas Children's Houston Open,2026-03-29
6001,      0,Texas Children's Houston Open,2026-03-29
3702,      0,Texas Children's Houston Open,2026-03-29
11395,      0,Texas Children's Houston Open,2026-03-29
4408316,      0,Texas Children's Houston Open,2026-03-29
9143,      0,Texas Children's Houston Open,2026-03-29
7083,      0,Texas Children's Houston Open,2026-03-29
10577,      0,Texas Children's Houston Open,2026-03-29
4358083,      0,Texas Children's Houston Open,2026-03-29
5075652,      0,Texas Children's Houston Open,2026-03-29
11119,      0,Texas Children's Houston Open,2026-03-29
5150294,      0,Texas Children's Houston Open,2026-03-29
4358081,      0,Texas Children's Houston Open,2026-03-29
4589406,      0,Texas Children's Houston Open,2026-03-29
4423323,      0,Texas Children's Houston Open,2026-03-29
5113338,      0,Texas Children's Houston Open,2026-03-29
1407,      0,Texas Children's Houston Open,2026-03-29
5139663,      0,Texas Children's Houston Open,2026-03-29
4251,      0,Texas Children's Houston Open,2026-03-29
10030,      0,Texas Children's Houston Open,2026-03-29
10372,      0,Texas Children's Houston Open,2026-03-29
4351896,      0,Texas Children's Houston Open,2026-03-29
4361934,      0,Texas Children's Houston Open,2026-03-29
6798,      0,Texas Children's Houston Open,2026-03-29
5075548,      0,Texas Children's Houston Open,2026-03-29
4348470,      0,Texas Children's Houston Open,2026-03-29
6825,      0,Texas Children's Houston Open,2026-03-29
9626,      0,Texas Children's Houston Open,2026-03-29
3980,      0,Texas Children's Houston Open,2026-03-29
11101,      0,Texas Children's Houston Open,2026-03-29
6701,      0,Texas Children's Houston Open,2026-03-29
3683,      0,Texas Children's Houston Open,2026-03-29
11022,      0,Texas Children's Houston Open,2026-03-29
9525,      0,Texas Children's Houston Open,2026-03-29
4698579,      0,Texas Children's Houston Open,2026-03-29
9658,      0,Texas Children's Houston Open,2026-03-29
4587989,      0,Texas Children's Houston Open,2026-03-29
4618114,      0,Texas Children's Houston Open,2026-03-29
676,      0,Texas Children's Houston Open,2026-03-29
9144,      0,Texas Children's Houston Open,2026-03-29
4837368,      0,Texas Children's Houston Open,2026-03-29
10166,1764000,Valero Texas Open,2026-04-05
10548, 741533,Valero Texas Open,2026-04-05
5502, 378525,Valero Texas Open,2026-04-05
7081, 237650,Valero Texas Open,2026-04-05
5539, 237650,Valero Texas Open,2026-04-05
4425898, 237650,Valero Texas Open,2026-04-05
4348470, 237650,Valero Texas Open,2026-04-05
10522, 159250,Valero Texas Open,2026-04-05
9484, 159250,Valero Texas Open,2026-04-05
10505,  95550,Valero Texas Open,2026-04-05
5860,  95550,Valero Texas Open,2026-04-05
7001,  95550,Valero Texas Open,2026-04-05
3792,  71540,Valero Texas Open,2026-04-05
10030,  71540,Valero Texas Open,2026-04-05
5075652,  60025,Valero Texas Open,2026-04-05
11456,  60025,Valero Texas Open,2026-04-05
4408320,  60025,Valero Texas Open,2026-04-05
3449,  48673,Valero Texas Open,2026-04-05
11385,  35809,Valero Texas Open,2026-04-05
1225,  35809,Valero Texas Open,2026-04-05
10664,  35809,Valero Texas Open,2026-04-05
11395,  24676,Valero Texas Open,2026-04-05
6011,  24676,Valero Texas Open,2026-04-05
5139663,  22834,Valero Texas Open,2026-04-05
5150294,  22050,Valero Texas Open,2026-04-05
5692,  21364,Valero Texas Open,2026-04-05
9143,  20972,Valero Texas Open,2026-04-05
4408318,  20972,Valero Texas Open,2026-04-05
9877,  20482,Valero Texas Open,2026-04-05
4868733,  20482,Valero Texas Open,2026-04-05
8974,      0,Valero Texas Open,2026-04-05
11378,      0,Valero Texas Open,2026-04-05
4375972,      0,Valero Texas Open,2026-04-05
4349547,      0,Valero Texas Open,2026-04-05
4587989,      0,Valero Texas Open,2026-04-05
4858572,      0,Valero Texas Open,2026-04-05
11332,      0,Valero Texas Open,2026-04-05
4671,      0,Valero Texas Open,2026-04-05
5143175,      0,Valero Texas Open,2026-04-05
4585548,      0,Valero Texas Open,2026-04-05
4602218,      0,Valero Texas Open,2026-04-05
4698579,      0,Valero Texas Open,2026-04-05
9530,      0,Valero Texas Open,2026-04-05
5338,      0,Valero Texas Open,2026-04-05
4585549,      0,Valero Texas Open,2026-04-05
3474,      0,Valero Texas Open,2026-04-05
4791222,      0,Valero Texas Open,2026-04-05
3832,      0,Valero Texas Open,2026-04-05
1651,      0,Valero Texas Open,2026-04-05
11056,      0,Valero Texas Open,2026-04-05
4901368,      0,Valero Texas Open,2026-04-05
1222,      0,Valero Texas Open,2026-04-05
10057,      0,Valero Texas Open,2026-04-05
1077,      0,Valero Texas Open,2026-04-05
9243,      0,Valero Texas Open,2026-04-05
10372,      0,Valero Texas Open,2026-04-05
9127,      0,Valero Texas Open,2026-04-05
5076011,      0,Valero Texas Open,2026-04-05
5140,      0,Valero Texas Open,2026-04-05
2230,      0,Valero Texas Open,2026-04-05
1626,      0,Valero Texas Open,2026-04-05
4408315,      0,Valero Texas Open,2026-04-05
4426182,      0,Valero Texas Open,2026-04-05
11387,      0,Valero Texas Open,2026-04-05
9364,      0,Valero Texas Open,2026-04-05
6937,      0,Valero Texas Open,2026-04-05
4410612,      0,Valero Texas Open,2026-04-05
5467,      0,Valero Texas Open,2026-04-05
4408319,      0,Valero Texas Open,2026-04-05
5215039,      0,Valero Texas Open,2026-04-05
8906,      0,Valero Texas Open,2026-04-05
4361934,      0,Valero Texas Open,2026-04-05
10054,      0,Valero Texas Open,2026-04-05
5409,      0,Valero Texas Open,2026-04-05
4358081,      0,Valero Texas Open,2026-04-05
5076025,      0,Valero Texas Open,2026-04-05
5113338,      0,Valero Texas Open,2026-04-05
4404991,      0,Valero Texas Open,2026-04-05
6086,      0,Valero Texas Open,2026-04-05
10990,      0,Valero Texas Open,2026-04-05
11383,      0,Valero Texas Open,2026-04-05
5075548,      0,Valero Texas Open,2026-04-05
4618114,      0,Valero Texas Open,2026-04-05
8973,      0,Valero Texas Open,2026-04-05
5147097,      0,Valero Texas Open,2026-04-05
4375977,      0,Valero Texas Open,2026-04-05
9506,      0,Valero Texas Open,2026-04-05
4602673,      0,Valero Texas Open,2026-04-05
9144,      0,Valero Texas Open,2026-04-05
7120,      0,Valero Texas Open,2026-04-05
5317179,      0,Valero Texas Open,2026-04-05
6931,      0,Valero Texas Open,2026-04-05
4351896,      0,Valero Texas Open,2026-04-05
3454,      0,Valero Texas Open,2026-04-05
8961,      0,Valero Texas Open,2026-04-05
9221,      0,Valero Texas Open,2026-04-05
5209442,      0,Valero Texas Open,2026-04-05
11143,      0,Valero Texas Open,2026-04-05
4423323,      0,Valero Texas Open,2026-04-05
205,      0,Valero Texas Open,2026-04-05
6001,      0,Valero Texas Open,2026-04-05
4425904,      0,Valero Texas Open,2026-04-05
1407,      0,Valero Texas Open,2026-04-05
10048,      0,Valero Texas Open,2026-04-05
257,      0,Valero Texas Open,2026-04-05
1264,      0,Valero Texas Open,2026-04-05
5882,      0,Valero Texas Open,2026-04-05
5962,      0,Valero Texas Open,2026-04-05
3702,      0,Valero Texas Open,2026-04-05
4832046,      0,Valero Texas Open,2026-04-05
1030,      0,Valero Texas Open,2026-04-05
11393,      0,Valero Texas Open,2026-04-05
446,      0,Valero Texas Open,2026-04-05
5217048,      0,Valero Texas Open,2026-04-05
6962,      0,Valero Texas Open,2026-04-05
962,      0,Valero Texas Open,2026-04-05
3980,      0,Valero Texas Open,2026-04-05
3683,      0,Valero Texas Open,2026-04-05
4982182,      0,Valero Texas Open,2026-04-05
10596,      0,Valero Texas Open,2026-04-05
8889,      0,Valero Texas Open,2026-04-05
6196,      0,Valero Texas Open,2026-04-05
4358083,      0,Valero Texas Open,2026-04-05
5724,      0,Valero Texas Open,2026-04-05
10469,      0,Valero Texas Open,2026-04-05
4699329,      0,Valero Texas Open,2026-04-05
2283,      0,Valero Texas Open,2026-04-05
5199863,      0,Valero Texas Open,2026-04-05
6825,      0,Valero Texas Open,2026-04-05
7083,      0,Valero Texas Open,2026-04-05
676,      0,Valero Texas Open,2026-04-05
1614,      0,Valero Texas Open,2026-04-05
3470,4500000,Masters Tournament,2026-04-12
9478,2430000,Masters Tournament,2026-04-12
5553,1080000,Masters Tournament,2026-04-12
5409,1080000,Masters Tournament,2026-04-12
569,1080000,Masters Tournament,2026-04-12
4425906,1080000,Masters Tournament,2026-04-12
10592, 725625,Masters Tournament,2026-04-12
9938, 725625,Masters Tournament,2026-04-12
8973, 630000,Masters Tournament,2026-04-12
10140, 630000,Masters Tournament,2026-04-12
9843, 562500,Masters Tournament,2026-04-12
5467, 427500,Masters Tournament,2026-04-12
5860, 427500,Masters Tournament,2026-04-12
6798, 427500,Masters Tournament,2026-04-12
6007, 427500,Masters Tournament,2026-04-12
5579, 427500,Masters Tournament,2026-04-12
1680, 427500,Masters Tournament,2026-04-12
9530, 315000,Masters Tournament,2026-04-12
4364873, 315000,Masters Tournament,2026-04-12
9037, 315000,Masters Tournament,2026-04-12
4513, 252000,Masters Tournament,2026-04-12
4375972, 252000,Masters Tournament,2026-04-12
11119, 252000,Masters Tournament,2026-04-12
4901368, 182250,Masters Tournament,2026-04-12
388, 182250,Masters Tournament,2026-04-12
4426181, 182250,Masters Tournament,2026-04-12
9525, 182250,Masters Tournament,2026-04-12
4921329, 182250,Masters Tournament,2026-04-12
4690755, 182250,Masters Tournament,2026-04-12
3832, 146250,Masters Tournament,2026-04-12
5408, 146250,Masters Tournament,2026-04-12
4587, 146250,Masters Tournament,2026-04-12
3550, 121500,Masters Tournament,2026-04-12
3448, 121500,Masters Tournament,2026-04-12
1225, 121500,Masters Tournament,2026-04-12
5539, 121500,Masters Tournament,2026-04-12
4404992, 121500,Masters Tournament,2026-04-12
9780, 101250,Masters Tournament,2026-04-12
5076021, 101250,Masters Tournament,2026-04-12
9221, 101250,Masters Tournament,2026-04-12
4848,  83250,Masters Tournament,2026-04-12
5054388,  83250,Masters Tournament,2026-04-12
8961,  83250,Masters Tournament,2026-04-12
3792,  83250,Masters Tournament,2026-04-12
4348470,  83250,Masters Tournament,2026-04-12
11382,  69750,Masters Tournament,2026-04-12
7081,  65250,Masters Tournament,2026-04-12
10906,  61650,Masters Tournament,2026-04-12
9126,  57600,Masters Tournament,2026-04-12
4585549,  57600,Masters Tournament,2026-04-12
10364,  55350,Masters Tournament,2026-04-12
158,  54000,Masters Tournament,2026-04-12
11253,  53100,Masters Tournament,2026-04-12
1097,  52200,Masters Tournament,2026-04-12
4589438,      0,Masters Tournament,2026-04-12
4251,      0,Masters Tournament,2026-04-12
4304,      0,Masters Tournament,2026-04-12
780,      0,Masters Tournament,2026-04-12
10166,      0,Masters Tournament,2026-04-12
11250,      0,Masters Tournament,2026-04-12
10046,      0,Masters Tournament,2026-04-12
686,      0,Masters Tournament,2026-04-12
4419142,      0,Masters Tournament,2026-04-12
11378,      0,Masters Tournament,2026-04-12
4858859,      0,Masters Tournament,2026-04-12
11332,      0,Masters Tournament,2026-04-12
4348444,      0,Masters Tournament,2026-04-12
9131,      0,Masters Tournament,2026-04-12
4610056,      0,Masters Tournament,2026-04-12
9025,      0,Masters Tournament,2026-04-12
5344766,      0,Masters Tournament,2026-04-12
8974,      0,Masters Tournament,2026-04-12
5293232,      0,Masters Tournament,2026-04-12
91,      0,Masters Tournament,2026-04-12
5289811,      0,Masters Tournament,2026-04-12
329,      0,Masters Tournament,2026-04-12
453,      0,Masters Tournament,2026-04-12
392,      0,Masters Tournament,2026-04-12
5327297,      0,Masters Tournament,2026-04-12
5532,      0,Masters Tournament,2026-04-12
4585548,      0,Masters Tournament,2026-04-12
4410932,      0,Masters Tournament,2026-04-12
5217048,      0,Masters Tournament,2026-04-12
11101,      0,Masters Tournament,2026-04-12
4408316,      0,Masters Tournament,2026-04-12
4837226,      0,Masters Tournament,2026-04-12
5080439,      0,Masters Tournament,2026-04-12
5344763,      0,Masters Tournament,2026-04-12
2201886,      0,Masters Tournament,2026-04-12
65,      0,Masters Tournament,2026-04-12
10058,      0,Masters Tournament,2026-04-12
9037,3600000,RBC Heritage,2026-04-19
9478,2160000,RBC Heritage,2026-04-19
7081,1360000,RBC Heritage,2026-04-19
10592, 823333,RBC Heritage,2026-04-19
5408, 823333,RBC Heritage,2026-04-19
4375972, 823333,RBC Heritage,2026-04-19
5338, 665000,RBC Heritage,2026-04-19
3702, 555000,RBC Heritage,2026-04-19
10364, 555000,RBC Heritage,2026-04-19
3550, 555000,RBC Heritage,2026-04-19
6007, 555000,RBC Heritage,2026-04-19
4901368, 399250,RBC Heritage,2026-04-19
4513, 399250,RBC Heritage,2026-04-19
10140, 399250,RBC Heritage,2026-04-19
4426182, 399250,RBC Heritage,2026-04-19
9506, 256694,RBC Heritage,2026-04-19
9530, 256694,RBC Heritage,2026-04-19
11119, 256694,RBC Heritage,2026-04-19
4419142, 256694,RBC Heritage,2026-04-19
9938, 256694,RBC Heritage,2026-04-19
4251, 256694,RBC Heritage,2026-04-19
6825, 256694,RBC Heritage,2026-04-19
4837368, 256694,RBC Heritage,2026-04-19
11332, 256694,RBC Heritage,2026-04-19
8974, 142750,RBC Heritage,2026-04-19
4690755, 142750,RBC Heritage,2026-04-19
10980, 142750,RBC Heritage,2026-04-19
10166, 142750,RBC Heritage,2026-04-19
5409, 142750,RBC Heritage,2026-04-19
4425906, 142750,RBC Heritage,2026-04-19
5080439, 142750,RBC Heritage,2026-04-19
1225, 142750,RBC Heritage,2026-04-19
4425904,  92444,RBC Heritage,2026-04-19
5076021,  92444,RBC Heritage,2026-04-19
10372,  92444,RBC Heritage,2026-04-19
5467,  92444,RBC Heritage,2026-04-19
4404992,  92444,RBC Heritage,2026-04-19
5147097,  92444,RBC Heritage,2026-04-19
4618114,  92444,RBC Heritage,2026-04-19
5054388,  92444,RBC Heritage,2026-04-19
4868733,  92444,RBC Heritage,2026-04-19
1680,  55300,RBC Heritage,2026-04-19
9025,  55300,RBC Heritage,2026-04-19
5502,  55300,RBC Heritage,2026-04-19
11382,  55300,RBC Heritage,2026-04-19
4587,  55300,RBC Heritage,2026-04-19
4921329,  55300,RBC Heritage,2026-04-19
11378,  55300,RBC Heritage,2026-04-19
676,  55300,RBC Heritage,2026-04-19
4364873,  55300,RBC Heritage,2026-04-19
8961,  55300,RBC Heritage,2026-04-19
11393,  43500,RBC Heritage,2026-04-19
5539,  43500,RBC Heritage,2026-04-19
5143175,  43500,RBC Heritage,2026-04-19
5076025,  39600,RBC Heritage,2026-04-19
11250,  39600,RBC Heritage,2026-04-19
10548,  39600,RBC Heritage,2026-04-19
9126,  39600,RBC Heritage,2026-04-19
4585548,  39600,RBC Heritage,2026-04-19
4691931,  36500,RBC Heritage,2026-04-19
10505,  36500,RBC Heritage,2026-04-19
4858572,  36500,RBC Heritage,2026-04-19
3792,  36500,RBC Heritage,2026-04-19
4410932,  36500,RBC Heritage,2026-04-19
10054,  34250,RBC Heritage,2026-04-19
3832,  34250,RBC Heritage,2026-04-19
4589438,  34250,RBC Heritage,2026-04-19
4426181,  34250,RBC Heritage,2026-04-19
8973,  33125,RBC Heritage,2026-04-19
5217048,  33125,RBC Heritage,2026-04-19
9658,  32500,RBC Heritage,2026-04-19
6701,  32500,RBC Heritage,2026-04-19
6086,  32500,RBC Heritage,2026-04-19
11056,  31750,RBC Heritage,2026-04-19
1030,  31750,RBC Heritage,2026-04-19
9843,  31750,RBC Heritage,2026-04-19
4848,  31000,RBC Heritage,2026-04-19
4585549,  31000,RBC Heritage,2026-04-19
9525,  31000,RBC Heritage,2026-04-19
1651,  30500,RBC Heritage,2026-04-19
4408316,  30250,RBC Heritage,2026-04-19
2230,  30000,RBC Heritage,2026-04-19
0,      0,Zurich Classic of New Orleans,2026-04-26
4425906,3600000,Cadillac Championship,2026-05-03
9478,2160000,Cadillac Championship,2026-05-03
4404992,1360000,Cadillac Championship,2026-05-03
388, 826667,Cadillac Championship,2026-05-03
8961, 826667,Cadillac Championship,2026-05-03
7081, 826667,Cadillac Championship,2026-05-03
3832, 645000,Cadillac Championship,2026-05-03
9484, 645000,Cadillac Championship,2026-05-03
10364, 500000,Cadillac Championship,2026-05-03
4364865, 500000,Cadillac Championship,2026-05-03
3702, 500000,Cadillac Championship,2026-05-03
4901368, 500000,Cadillac Championship,2026-05-03
3792, 500000,Cadillac Championship,2026-05-03
676, 350000,Cadillac Championship,2026-05-03
10166, 350000,Cadillac Championship,2026-05-03
5080439, 350000,Cadillac Championship,2026-05-03
4348470, 350000,Cadillac Championship,2026-05-03
4426181, 260600,Cadillac Championship,2026-05-03
4410932, 260600,Cadillac Championship,2026-05-03
5502, 260600,Cadillac Championship,2026-05-03
5467, 260600,Cadillac Championship,2026-05-03
8974, 260600,Cadillac Championship,2026-05-03
4587, 167143,Cadillac Championship,2026-05-03
10548, 167143,Cadillac Championship,2026-05-03
11250, 167143,Cadillac Championship,2026-05-03
5539, 167143,Cadillac Championship,2026-05-03
4848, 167143,Cadillac Championship,2026-05-03
9025, 167143,Cadillac Championship,2026-05-03
4419142, 167143,Cadillac Championship,2026-05-03
10980, 114625,Cadillac Championship,2026-05-03
9530, 114625,Cadillac Championship,2026-05-03
9126, 114625,Cadillac Championship,2026-05-03
4251, 114625,Cadillac Championship,2026-05-03
5143175, 114625,Cadillac Championship,2026-05-03
5076021, 114625,Cadillac Championship,2026-05-03
10054, 114625,Cadillac Championship,2026-05-03
4589438, 114625,Cadillac Championship,2026-05-03
4364873,  72182,Cadillac Championship,2026-05-03
5338,  72182,Cadillac Championship,2026-05-03
1680,  72182,Cadillac Championship,2026-05-03
9938,  72182,Cadillac Championship,2026-05-03
11101,  72182,Cadillac Championship,2026-05-03
4837368,  72182,Cadillac Championship,2026-05-03
8973,  72182,Cadillac Championship,2026-05-03
9658,  72182,Cadillac Championship,2026-05-03
3550,  72182,Cadillac Championship,2026-05-03
4690755,  72182,Cadillac Championship,2026-05-03
1225,  72182,Cadillac Championship,2026-05-03
10505,  48500,Cadillac Championship,2026-05-03
9525,  48500,Cadillac Championship,2026-05-03
4513,  48500,Cadillac Championship,2026-05-03
5409,  48500,Cadillac Championship,2026-05-03
5860,  46000,Cadillac Championship,2026-05-03
4425904,  46000,Cadillac Championship,2026-05-03
8906,  44500,Cadillac Championship,2026-05-03
4408316,  44500,Cadillac Championship,2026-05-03
9506,  44500,Cadillac Championship,2026-05-03
5408,  44500,Cadillac Championship,2026-05-03
4691931,  44500,Cadillac Championship,2026-05-03
11056,  42750,Cadillac Championship,2026-05-03
1030,  42750,Cadillac Championship,2026-05-03
6196,  41500,Cadillac Championship,2026-05-03
10592,  41500,Cadillac Championship,2026-05-03
6086,  41500,Cadillac Championship,2026-05-03
569,  39083,Cadillac Championship,2026-05-03
11332,  39083,Cadillac Championship,2026-05-03
11382,  39083,Cadillac Championship,2026-05-03
5054388,  39083,Cadillac Championship,2026-05-03
4858572,  39083,Cadillac Championship,2026-05-03
6825,  39083,Cadillac Championship,2026-05-03
6701,  37000,Cadillac Championship,2026-05-03
4618114,  36000,Cadillac Championship,2026-05-03
4348470,3600000,Truist Championship,2026-05-10
3702,1760000,Truist Championship,2026-05-10
11250,1760000,Truist Championship,2026-05-10
4364865, 960000,Truist Championship,2026-05-10
10166, 730000,Truist Championship,2026-05-10
5539, 730000,Truist Championship,2026-05-10
11382, 730000,Truist Championship,2026-05-10
1222, 720000,ONEflight Myrtle Beach Classic,2026-05-10
4375972, 600000,Truist Championship,2026-05-10
4589438, 600000,Truist Championship,2026-05-10
6007, 500000,Truist Championship,2026-05-10
4901368, 500000,Truist Championship,2026-05-10
4425906, 500000,Truist Championship,2026-05-10
9143, 436000,ONEflight Myrtle Beach Classic,2026-05-10
4848, 420000,Truist Championship,2026-05-10
4410932, 360000,Truist Championship,2026-05-10
4690755, 360000,Truist Championship,2026-05-10
3792, 360000,Truist Championship,2026-05-10
9484, 310000,Truist Championship,2026-05-10
3550, 310000,Truist Championship,2026-05-10
11056, 242100,Truist Championship,2026-05-10
4513, 242100,Truist Championship,2026-05-10
3470, 242100,Truist Championship,2026-05-10
5143175, 242100,Truist Championship,2026-05-10
10364, 242100,Truist Championship,2026-05-10
6011, 236000,ONEflight Myrtle Beach Classic,2026-05-10
4408320, 236000,ONEflight Myrtle Beach Classic,2026-05-10
10906, 164000,ONEflight Myrtle Beach Classic,2026-05-10
4837368, 156643,Truist Championship,2026-05-10
6825, 156643,Truist Championship,2026-05-10
388, 156643,Truist Championship,2026-05-10
11332, 156643,Truist Championship,2026-05-10
5408, 156643,Truist Championship,2026-05-10
10505, 156643,Truist Championship,2026-05-10
6701, 156643,Truist Championship,2026-05-10
10522, 135000,ONEflight Myrtle Beach Classic,2026-05-10
4602673, 135000,ONEflight Myrtle Beach Classic,2026-05-10
9243, 135000,ONEflight Myrtle Beach Classic,2026-05-10
1225, 114417,Truist Championship,2026-05-10
3832, 114417,Truist Championship,2026-05-10
4364873, 114417,Truist Championship,2026-05-10
4408316, 114417,Truist Championship,2026-05-10
2230, 114417,Truist Championship,2026-05-10
9126, 114417,Truist Championship,2026-05-10
5211425, 113000,ONEflight Myrtle Beach Classic,2026-05-10
4791222, 113000,ONEflight Myrtle Beach Classic,2026-05-10
9600,  97000,ONEflight Myrtle Beach Classic,2026-05-10
6798,  97000,ONEflight Myrtle Beach Classic,2026-05-10
9938,  82188,Truist Championship,2026-05-10
9530,  82188,Truist Championship,2026-05-10
9658,  82188,Truist Championship,2026-05-10
4419142,  82188,Truist Championship,2026-05-10
5502,  82188,Truist Championship,2026-05-10
10548,  82188,Truist Championship,2026-05-10
5338,  82188,Truist Championship,2026-05-10
676,  82188,Truist Championship,2026-05-10
4602218,  76000,ONEflight Myrtle Beach Classic,2026-05-10
5962,  76000,ONEflight Myrtle Beach Classic,2026-05-10
8889,  76000,ONEflight Myrtle Beach Classic,2026-05-10
4699418,  76000,ONEflight Myrtle Beach Classic,2026-05-10
10664,  63000,ONEflight Myrtle Beach Classic,2026-05-10
7001,  63000,ONEflight Myrtle Beach Classic,2026-05-10
9025,  60000,Truist Championship,2026-05-10
569,  60000,Truist Championship,2026-05-10
4858572,  60000,Truist Championship,2026-05-10
10054,  50000,Truist Championship,2026-05-10
5080439,  50000,Truist Championship,2026-05-10
1614,  50000,Truist Championship,2026-05-10
8974,  50000,Truist Championship,2026-05-10
4982182,  49160,ONEflight Myrtle Beach Classic,2026-05-10
4358083,  49160,ONEflight Myrtle Beach Classic,2026-05-10
2283,  49160,ONEflight Myrtle Beach Classic,2026-05-10
11456,  49160,ONEflight Myrtle Beach Classic,2026-05-10
4425898,  49160,ONEflight Myrtle Beach Classic,2026-05-10
6931,  45188,Truist Championship,2026-05-10
9525,  45188,Truist Championship,2026-05-10
8973,  45188,Truist Championship,2026-05-10
1030,  45188,Truist Championship,2026-05-10
9037,  45188,Truist Championship,2026-05-10
4618114,  45188,Truist Championship,2026-05-10
5467,  45188,Truist Championship,2026-05-10
5054388,  45188,Truist Championship,2026-05-10
10140,  42500,Truist Championship,2026-05-10
11378,  42500,Truist Championship,2026-05-10
4691931,  42500,Truist Championship,2026-05-10
4404992,  41250,Truist Championship,2026-05-10
8961,  41250,Truist Championship,2026-05-10
5076021,  40250,Truist Championship,2026-05-10
7081,  40250,Truist Championship,2026-05-10
4251,  39500,Truist Championship,2026-05-10
1680,  39000,Truist Championship,2026-05-10
10980,  38000,Truist Championship,2026-05-10
4426181,  37500,Truist Championship,2026-05-10
5860,  37000,Truist Championship,2026-05-10
6086,  36000,Truist Championship,2026-05-10
10030,  31857,ONEflight Myrtle Beach Classic,2026-05-10
10562,  31857,ONEflight Myrtle Beach Classic,2026-05-10
3257,  31857,ONEflight Myrtle Beach Classic,2026-05-10
11253,  31857,ONEflight Myrtle Beach Classic,2026-05-10
257,  31857,ONEflight Myrtle Beach Classic,2026-05-10
4832046,  31857,ONEflight Myrtle Beach Classic,2026-05-10
5147097,  31857,ONEflight Myrtle Beach Classic,2026-05-10
11101,  22886,ONEflight Myrtle Beach Classic,2026-05-10
4574779,  22886,ONEflight Myrtle Beach Classic,2026-05-10
5076011,  22886,ONEflight Myrtle Beach Classic,2026-05-10
5217048,  22886,ONEflight Myrtle Beach Classic,2026-05-10
6922,  22886,ONEflight Myrtle Beach Classic,2026-05-10
4375977,  22886,ONEflight Myrtle Beach Classic,2026-05-10
4671,  22886,ONEflight Myrtle Beach Classic,2026-05-10
5209442,  16600,ONEflight Myrtle Beach Classic,2026-05-10
4408319,  16600,ONEflight Myrtle Beach Classic,2026-05-10
4426182,  16600,ONEflight Myrtle Beach Classic,2026-05-10
10990,  16600,ONEflight Myrtle Beach Classic,2026-05-10
4610056,  16600,ONEflight Myrtle Beach Classic,2026-05-10
9364,  16600,ONEflight Myrtle Beach Classic,2026-05-10
4410612,  16600,ONEflight Myrtle Beach Classic,2026-05-10
9127,  11411,ONEflight Myrtle Beach Classic,2026-05-10
4304,  11411,ONEflight Myrtle Beach Classic,2026-05-10
1264,  11411,ONEflight Myrtle Beach Classic,2026-05-10
10096,  11411,ONEflight Myrtle Beach Classic,2026-05-10
9144,  11411,ONEflight Myrtle Beach Classic,2026-05-10
10058,  11411,ONEflight Myrtle Beach Classic,2026-05-10
5724,  11411,ONEflight Myrtle Beach Classic,2026-05-10
11385,   9480,ONEflight Myrtle Beach Classic,2026-05-10
4349547,   9480,ONEflight Myrtle Beach Classic,2026-05-10
5548,   9480,ONEflight Myrtle Beach Classic,2026-05-10
7120,   9480,ONEflight Myrtle Beach Classic,2026-05-10
5692,   9480,ONEflight Myrtle Beach Classic,2026-05-10
1651,   9480,ONEflight Myrtle Beach Classic,2026-05-10
6001,   9000,ONEflight Myrtle Beach Classic,2026-05-10
11395,   9000,ONEflight Myrtle Beach Classic,2026-05-10
5215039,   9000,ONEflight Myrtle Beach Classic,2026-05-10
9040,   9000,ONEflight Myrtle Beach Classic,2026-05-10
4361934,   9000,ONEflight Myrtle Beach Classic,2026-05-10
2571,   8720,ONEflight Myrtle Beach Classic,2026-05-10
5075548,   8720,ONEflight Myrtle Beach Classic,2026-05-10
3454,   8360,ONEflight Myrtle Beach Classic,2026-05-10
11143,   8360,ONEflight Myrtle Beach Classic,2026-05-10
4404991,   8360,ONEflight Myrtle Beach Classic,2026-05-10
10863,   8360,ONEflight Myrtle Beach Classic,2026-05-10
11393,   8360,ONEflight Myrtle Beach Classic,2026-05-10
4868733,   8360,ONEflight Myrtle Beach Classic,2026-05-10
11183,   8360,ONEflight Myrtle Beach Classic,2026-05-10
11387,   8040,ONEflight Myrtle Beach Classic,2026-05-10
4723205,   7920,ONEflight Myrtle Beach Classic,2026-05-10
3970,   7920,ONEflight Myrtle Beach Classic,2026-05-10
5348547,      0,ONEflight Myrtle Beach Classic,2026-05-10
5278790,      0,ONEflight Myrtle Beach Classic,2026-05-10
4844,      0,ONEflight Myrtle Beach Classic,2026-05-10
1548,      0,ONEflight Myrtle Beach Classic,2026-05-10
4858859,      0,ONEflight Myrtle Beach Classic,2026-05-10
10793,      0,ONEflight Myrtle Beach Classic,2026-05-10
11383,      0,ONEflight Myrtle Beach Classic,2026-05-10
9221,      0,ONEflight Myrtle Beach Classic,2026-05-10
5882,      0,ONEflight Myrtle Beach Classic,2026-05-10
3683,      0,ONEflight Myrtle Beach Classic,2026-05-10
10596,      0,ONEflight Myrtle Beach Classic,2026-05-10
1077,      0,ONEflight Myrtle Beach Classic,2026-05-10
5078202,      0,ONEflight Myrtle Beach Classic,2026-05-10
5289818,      0,ONEflight Myrtle Beach Classic,2026-05-10
4585548,      0,ONEflight Myrtle Beach Classic,2026-05-10
8910,      0,ONEflight Myrtle Beach Classic,2026-05-10
4408315,      0,ONEflight Myrtle Beach Classic,2026-05-10
1407,      0,ONEflight Myrtle Beach Classic,2026-05-10
10066,      0,ONEflight Myrtle Beach Classic,2026-05-10
5573,      0,ONEflight Myrtle Beach Classic,2026-05-10
4372851,      0,ONEflight Myrtle Beach Classic,2026-05-10
4408318,      0,ONEflight Myrtle Beach Classic,2026-05-10
5139663,      0,ONEflight Myrtle Beach Classic,2026-05-10
4566443,      0,ONEflight Myrtle Beach Classic,2026-05-10
5075652,      0,ONEflight Myrtle Beach Classic,2026-05-10
9569,      0,ONEflight Myrtle Beach Classic,2026-05-10
10057,      0,ONEflight Myrtle Beach Classic,2026-05-10
4638,      0,ONEflight Myrtle Beach Classic,2026-05-10
5075306,      0,ONEflight Myrtle Beach Classic,2026-05-10
5025,      0,ONEflight Myrtle Beach Classic,2026-05-10
5215041,      0,ONEflight Myrtle Beach Classic,2026-05-10
4699329,      0,ONEflight Myrtle Beach Classic,2026-05-10
10048,      0,ONEflight Myrtle Beach Classic,2026-05-10
4358081,      0,ONEflight Myrtle Beach Classic,2026-05-10
4339409,      0,ONEflight Myrtle Beach Classic,2026-05-10
4351896,      0,ONEflight Myrtle Beach Classic,2026-05-10
9240,      0,ONEflight Myrtle Beach Classic,2026-05-10
10577,      0,ONEflight Myrtle Beach Classic,2026-05-10
5113338,      0,ONEflight Myrtle Beach Classic,2026-05-10
3980,      0,ONEflight Myrtle Beach Classic,2026-05-10
4423323,      0,ONEflight Myrtle Beach Classic,2026-05-10
4587989,      0,ONEflight Myrtle Beach Classic,2026-05-10
5619,      0,ONEflight Myrtle Beach Classic,2026-05-10
6196,      0,ONEflight Myrtle Beach Classic,2026-05-10
6937,      0,ONEflight Myrtle Beach Classic,2026-05-10
5348546,      0,ONEflight Myrtle Beach Classic,2026-05-10
10372,      0,ONEflight Myrtle Beach Classic,2026-05-10
5348548,      0,ONEflight Myrtle Beach Classic,2026-05-10
10588,      0,ONEflight Myrtle Beach Classic,2026-05-10
10906,3690000,PGA Championship,2026-05-17
9780,1804000,PGA Championship,2026-05-17
9484,1804000,PGA Championship,2026-05-17
4848, 843867,PGA Championship,2026-05-17
4566443, 843867,PGA Championship,2026-05-17
4375972, 843867,PGA Championship,2026-05-17
9131, 637050,PGA Championship,2026-05-17
10140, 637050,PGA Championship,2026-05-17
3470, 637050,PGA Championship,2026-05-17
10364, 496708,PGA Championship,2026-05-17
569, 496708,PGA Championship,2026-05-17
4690755, 496708,PGA Championship,2026-05-17
5579, 496708,PGA Championship,2026-05-17
9037, 364763,PGA Championship,2026-05-17
9478, 364763,PGA Championship,2026-05-17
4404992, 364763,PGA Championship,2026-05-17
11101, 364763,PGA Championship,2026-05-17
5467, 229129,PGA Championship,2026-05-17
186, 229129,PGA Championship,2026-05-17
6937, 229129,PGA Championship,2026-05-17
4895429, 229129,PGA Championship,2026-05-17
5408, 229129,PGA Championship,2026-05-17
11099, 229129,PGA Championship,2026-05-17
4410932, 229129,PGA Championship,2026-05-17
9530, 229129,PGA Championship,2026-05-17
3832, 125523,PGA Championship,2026-05-17
6086, 125523,PGA Championship,2026-05-17
4425899, 125523,PGA Championship,2026-05-17
11332, 125523,PGA Championship,2026-05-17
4425906, 125523,PGA Championship,2026-05-17
9938, 125523,PGA Championship,2026-05-17
5338, 125523,PGA Championship,2026-05-17
5860, 125523,PGA Championship,2026-05-17
3792, 125523,PGA Championship,2026-05-17
9243,  78806,PGA Championship,2026-05-17
9025,  78806,PGA Championship,2026-05-17
4858572,  78806,PGA Championship,2026-05-17
6007,  78806,PGA Championship,2026-05-17
4251,  78806,PGA Championship,2026-05-17
9221,  78806,PGA Championship,2026-05-17
7081,  78806,PGA Championship,2026-05-17
5080439,  78806,PGA Championship,2026-05-17
3670,  78806,PGA Championship,2026-05-17
4587,  50348,PGA Championship,2026-05-17
10548,  50348,PGA Championship,2026-05-17
1030,  50348,PGA Championship,2026-05-17
10054,  50348,PGA Championship,2026-05-17
4618114,  50348,PGA Championship,2026-05-17
9658,  50348,PGA Championship,2026-05-17
11250,  50348,PGA Championship,2026-05-17
8974,  50348,PGA Championship,2026-05-17
3448,  50348,PGA Championship,2026-05-17
3449,  50348,PGA Championship,2026-05-17
4348470,  50348,PGA Championship,2026-05-17
10592,  34186,PGA Championship,2026-05-17
9126,  34186,PGA Championship,2026-05-17
5502,  34186,PGA Championship,2026-05-17
4699290,  34186,PGA Championship,2026-05-17
6798,  34186,PGA Championship,2026-05-17
4585548,  29218,PGA Championship,2026-05-17
10980,  29218,PGA Championship,2026-05-17
11385,  29218,PGA Championship,2026-05-17
1225,  29218,PGA Championship,2026-05-17
3702,  29218,PGA Championship,2026-05-17
4610056,  26900,PGA Championship,2026-05-17
11253,  26900,PGA Championship,2026-05-17
1680,  26900,PGA Championship,2026-05-17
8906,  26900,PGA Championship,2026-05-17
4426181,  26900,PGA Championship,2026-05-17
601,  25070,PGA Championship,2026-05-17
4671,  25070,PGA Championship,2026-05-17
5076025,  25070,PGA Championship,2026-05-17
5076021,  25070,PGA Championship,2026-05-17
4597553,  25070,PGA Championship,2026-05-17
4714133,  24193,PGA Championship,2026-05-17
4858859,  24193,PGA Championship,2026-05-17
4364865,  24193,PGA Championship,2026-05-17
1407,  24193,PGA Championship,2026-05-17
5217048,  23970,PGA Championship,2026-05-17
4372513,  23930,PGA Championship,2026-05-17
4921329,  23910,PGA Championship,2026-05-17
9525,  23900,PGA Championship,2026-05-17
11119,      0,PGA Championship,2026-05-17
11382,      0,PGA Championship,2026-05-17
5312609,      0,PGA Championship,2026-05-17
5409,      0,PGA Championship,2026-05-17
5539,      0,PGA Championship,2026-05-17
5956,      0,PGA Championship,2026-05-17
4837,      0,PGA Championship,2026-05-17
4419142,      0,PGA Championship,2026-05-17
446,      0,PGA Championship,2026-05-17
10505,      0,PGA Championship,2026-05-17
3312,      0,PGA Championship,2026-05-17
11378,      0,PGA Championship,2026-05-17
11393,      0,PGA Championship,2026-05-17
11383,      0,PGA Championship,2026-05-17
10372,      0,PGA Championship,2026-05-17
4723205,      0,PGA Championship,2026-05-17
6701,      0,PGA Championship,2026-05-17
78,      0,PGA Championship,2026-05-17
4364873,      0,PGA Championship,2026-05-17
4513,      0,PGA Championship,2026-05-17
11243,      0,PGA Championship,2026-05-17
10179,      0,PGA Championship,2026-05-17
8961,      0,PGA Championship,2026-05-17
3550,      0,PGA Championship,2026-05-17
5553,      0,PGA Championship,2026-05-17
1222,      0,PGA Championship,2026-05-17
5105333,      0,PGA Championship,2026-05-17
4837368,      0,PGA Championship,2026-05-17
10166,      0,PGA Championship,2026-05-17
6825,      0,PGA Championship,2026-05-17
10046,      0,PGA Championship,2026-05-17
4691931,      0,PGA Championship,2026-05-17
11345,      0,PGA Championship,2026-05-17
4348444,      0,PGA Championship,2026-05-17
11056,      0,PGA Championship,2026-05-17
4589438,      0,PGA Championship,2026-05-17
4426182,      0,PGA Championship,2026-05-17
5882,      0,PGA Championship,2026-05-17
110,      0,PGA Championship,2026-05-17
1651,      0,PGA Championship,2026-05-17
5054388,      0,PGA Championship,2026-05-17
4868733,      0,PGA Championship,2026-05-17
388,      0,PGA Championship,2026-05-17
4317,      0,PGA Championship,2026-05-17
676,      0,PGA Championship,2026-05-17
5921,      0,PGA Championship,2026-05-17
1350,      0,PGA Championship,2026-05-17
307,      0,PGA Championship,2026-05-17
4408316,      0,PGA Championship,2026-05-17
4604053,      0,PGA Championship,2026-05-17
5143175,      0,PGA Championship,2026-05-17
10058,      0,PGA Championship,2026-05-17
4425904,      0,PGA Championship,2026-05-17
4901368,      0,PGA Championship,2026-05-17
5350615,      0,PGA Championship,2026-05-17
8973,      0,PGA Championship,2026-05-17
9506,      0,PGA Championship,2026-05-17
4585549,      0,PGA Championship,2026-05-17
6962,      0,PGA Championship,2026-05-17
4408324,      0,PGA Championship,2026-05-17
5070304,      0,PGA Championship,2026-05-17
5350613,      0,PGA Championship,2026-05-17
5350616,      0,PGA Championship,2026-05-17
5070301,      0,PGA Championship,2026-05-17
3089127,      0,PGA Championship,2026-05-17
4349544,      0,PGA Championship,2026-05-17
9620,      0,PGA Championship,2026-05-17
5145292,      0,PGA Championship,2026-05-17
5350614,      0,PGA Championship,2026-05-17
3284,      0,PGA Championship,2026-05-17
4693951,      0,PGA Championship,2026-05-17
11481,      0,PGA Championship,2026-05-17
4845304,      0,PGA Championship,2026-05-17
2233,      0,PGA Championship,2026-05-17
4982182, 504700,THE CJ CUP Byron Nelson,2026-05-24
10030, 347625,THE CJ CUP Byron Nelson,2026-05-24
11382, 260075,THE CJ CUP Byron Nelson,2026-05-24
5467, 100597,THE CJ CUP Byron Nelson,2026-05-24
6001, 100597,THE CJ CUP Byron Nelson,2026-05-24
4858572, 100597,THE CJ CUP Byron Nelson,2026-05-24
10522,  58931,THE CJ CUP Byron Nelson,2026-05-24
9143,  58931,THE CJ CUP Byron Nelson,2026-05-24
5724,  47895,THE CJ CUP Byron Nelson,2026-05-24
1059,  38625,THE CJ CUP Byron Nelson,2026-05-24
9569,  38625,THE CJ CUP Byron Nelson,2026-05-24
1407,  26971,THE CJ CUP Byron Nelson,2026-05-24
9658,  26971,THE CJ CUP Byron Nelson,2026-05-24
4358083,  26971,THE CJ CUP Byron Nelson,2026-05-24
9127,  23999,THE CJ CUP Byron Nelson,2026-05-24
205,  23999,THE CJ CUP Byron Nelson,2026-05-24
6931,  21939,THE CJ CUP Byron Nelson,2026-05-24
4304,  21115,THE CJ CUP Byron Nelson,2026-05-24
11119,      0,THE CJ CUP Byron Nelson,2026-05-24
7081,      0,THE CJ CUP Byron Nelson,2026-05-24
9478,      0,THE CJ CUP Byron Nelson,2026-05-24
8906,      0,THE CJ CUP Byron Nelson,2026-05-24
2230,      0,THE CJ CUP Byron Nelson,2026-05-24
6086,      0,THE CJ CUP Byron Nelson,2026-05-24
5217048,      0,THE CJ CUP Byron Nelson,2026-05-24
4699329,      0,THE CJ CUP Byron Nelson,2026-05-24
11101,      0,THE CJ CUP Byron Nelson,2026-05-24
6937,      0,THE CJ CUP Byron Nelson,2026-05-24
10664,      0,THE CJ CUP Byron Nelson,2026-05-24
5211425,      0,THE CJ CUP Byron Nelson,2026-05-24
6798,      0,THE CJ CUP Byron Nelson,2026-05-24
8910,      0,THE CJ CUP Byron Nelson,2026-05-24
4267,      0,THE CJ CUP Byron Nelson,2026-05-24
11393,      0,THE CJ CUP Byron Nelson,2026-05-24
5075652,      0,THE CJ CUP Byron Nelson,2026-05-24
4837368,      0,THE CJ CUP Byron Nelson,2026-05-24
5692,      0,THE CJ CUP Byron Nelson,2026-05-24
11385,      0,THE CJ CUP Byron Nelson,2026-05-24
4426182,      0,THE CJ CUP Byron Nelson,2026-05-24
4858859,      0,THE CJ CUP Byron Nelson,2026-05-24
9364,      0,THE CJ CUP Byron Nelson,2026-05-24
5075548,      0,THE CJ CUP Byron Nelson,2026-05-24
11456,      0,THE CJ CUP Byron Nelson,2026-05-24
4791222,      0,THE CJ CUP Byron Nelson,2026-05-24
5215039,      0,THE CJ CUP Byron Nelson,2026-05-24
7001,      0,THE CJ CUP Byron Nelson,2026-05-24
3449,      0,THE CJ CUP Byron Nelson,2026-05-24
5882,      0,THE CJ CUP Byron Nelson,2026-05-24
5209442,      0,THE CJ CUP Byron Nelson,2026-05-24
6962,      0,THE CJ CUP Byron Nelson,2026-05-24
10596,      0,THE CJ CUP Byron Nelson,2026-05-24
4425898,      0,THE CJ CUP Byron Nelson,2026-05-24
1264,      0,THE CJ CUP Byron Nelson,2026-05-24
3375,      0,THE CJ CUP Byron Nelson,2026-05-24
4671,      0,THE CJ CUP Byron Nelson,2026-05-24
9144,      0,THE CJ CUP Byron Nelson,2026-05-24
6825,      0,THE CJ CUP Byron Nelson,2026-05-24
4602673,      0,THE CJ CUP Byron Nelson,2026-05-24
4408318,      0,THE CJ CUP Byron Nelson,2026-05-24
3970,      0,THE CJ CUP Byron Nelson,2026-05-24
10057,      0,THE CJ CUP Byron Nelson,2026-05-24
508,      0,THE CJ CUP Byron Nelson,2026-05-24
9506,      0,THE CJ CUP Byron Nelson,2026-05-24
5140,      0,THE CJ CUP Byron Nelson,2026-05-24
4592200,      0,THE CJ CUP Byron Nelson,2026-05-24
11253,      0,THE CJ CUP Byron Nelson,2026-05-24
11387,      0,THE CJ CUP Byron Nelson,2026-05-24
5962,      0,THE CJ CUP Byron Nelson,2026-05-24
4361934,      0,THE CJ CUP Byron Nelson,2026-05-24
9040,      0,THE CJ CUP Byron Nelson,2026-05-24
1037,      0,THE CJ CUP Byron Nelson,2026-05-24
5619,      0,THE CJ CUP Byron Nelson,2026-05-24
11143,      0,THE CJ CUP Byron Nelson,2026-05-24
10562,      0,THE CJ CUP Byron Nelson,2026-05-24
10048,      0,THE CJ CUP Byron Nelson,2026-05-24
5215038,      0,THE CJ CUP Byron Nelson,2026-05-24
8889,      0,THE CJ CUP Byron Nelson,2026-05-24
4921329,      0,THE CJ CUP Byron Nelson,2026-05-24
9243,      0,THE CJ CUP Byron Nelson,2026-05-24
9221,      0,THE CJ CUP Byron Nelson,2026-05-24
4425904,      0,THE CJ CUP Byron Nelson,2026-05-24
4832046,      0,THE CJ CUP Byron Nelson,2026-05-24
5351630,      0,THE CJ CUP Byron Nelson,2026-05-24
4351896,      0,THE CJ CUP Byron Nelson,2026-05-24
4404991,      0,THE CJ CUP Byron Nelson,2026-05-24
4565482,      0,THE CJ CUP Byron Nelson,2026-05-24
5147097,      0,THE CJ CUP Byron Nelson,2026-05-24
4349547,      0,THE CJ CUP Byron Nelson,2026-05-24
4339409,      0,THE CJ CUP Byron Nelson,2026-05-24
10588,      0,THE CJ CUP Byron Nelson,2026-05-24
3980,      0,THE CJ CUP Byron Nelson,2026-05-24
11383,      0,THE CJ CUP Byron Nelson,2026-05-24
5113338,      0,THE CJ CUP Byron Nelson,2026-05-24
4408315,      0,THE CJ CUP Byron Nelson,2026-05-24
5289811,      0,THE CJ CUP Byron Nelson,2026-05-24
5351629,      0,THE CJ CUP Byron Nelson,2026-05-24
4566443,      0,THE CJ CUP Byron Nelson,2026-05-24
1651,      0,THE CJ CUP Byron Nelson,2026-05-24
9600,      0,THE CJ CUP Byron Nelson,2026-05-24
4699418,      0,THE CJ CUP Byron Nelson,2026-05-24
5076011,      0,THE CJ CUP Byron Nelson,2026-05-24
10577,      0,THE CJ CUP Byron Nelson,2026-05-24
4358081,      0,THE CJ CUP Byron Nelson,2026-05-24
7120,      0,THE CJ CUP Byron Nelson,2026-05-24
4638,      0,THE CJ CUP Byron Nelson,2026-05-24
4423323,      0,THE CJ CUP Byron Nelson,2026-05-24
3257,      0,THE CJ CUP Byron Nelson,2026-05-24
7083,      0,THE CJ CUP Byron Nelson,2026-05-24
4587989,      0,THE CJ CUP Byron Nelson,2026-05-24
6011,      0,THE CJ CUP Byron Nelson,2026-05-24
10863,      0,THE CJ CUP Byron Nelson,2026-05-24
5076025,      0,THE CJ CUP Byron Nelson,2026-05-24
1548,      0,THE CJ CUP Byron Nelson,2026-05-24
11183,      0,THE CJ CUP Byron Nelson,2026-05-24
2571,      0,THE CJ CUP Byron Nelson,2026-05-24
10058,      0,THE CJ CUP Byron Nelson,2026-05-24
257,      0,THE CJ CUP Byron Nelson,2026-05-24
5548,      0,THE CJ CUP Byron Nelson,2026-05-24
1030,      0,THE CJ CUP Byron Nelson,2026-05-24
4408319,      0,THE CJ CUP Byron Nelson,2026-05-24
4372851,      0,THE CJ CUP Byron Nelson,2026-05-24
4844,      0,THE CJ CUP Byron Nelson,2026-05-24
6196,      0,THE CJ CUP Byron Nelson,2026-05-24
1077,      0,THE CJ CUP Byron Nelson,2026-05-24
10372,      0,THE CJ CUP Byron Nelson,2026-05-24
10990,      0,THE CJ CUP Byron Nelson,2026-05-24
6922,      0,THE CJ CUP Byron Nelson,2026-05-24
4410612,      0,THE CJ CUP Byron Nelson,2026-05-24
4618114,      0,THE CJ CUP Byron Nelson,2026-05-24
4602218,      0,THE CJ CUP Byron Nelson,2026-05-24
4375977,      0,THE CJ CUP Byron Nelson,2026-05-24
5025,      0,THE CJ CUP Byron Nelson,2026-05-24
3683,      0,THE CJ CUP Byron Nelson,2026-05-24
2283,      0,THE CJ CUP Byron Nelson,2026-05-24
11395,      0,THE CJ CUP Byron Nelson,2026-05-24
5210226,      0,THE CJ CUP Byron Nelson,2026-05-24
9517,      0,THE CJ CUP Byron Nelson,2026-05-24
4408320,      0,THE CJ CUP Byron Nelson,2026-05-24
5573,      0,THE CJ CUP Byron Nelson,2026-05-24
4868733,      0,THE CJ CUP Byron Nelson,2026-05-24
962,      0,THE CJ CUP Byron Nelson,2026-05-24
5139663,      0,THE CJ CUP Byron Nelson,2026-05-24
4877951,      0,THE CJ CUP Byron Nelson,2026-05-24
5351628,      0,THE CJ CUP Byron Nelson,2026-05-24
5351627,      0,THE CJ CUP Byron Nelson,2026-05-24
5078202,      0,THE CJ CUP Byron Nelson,2026-05-24
11098,      0,THE CJ CUP Byron Nelson,2026-05-24
5409,1782000,Charles Schwab Challenge,2026-05-31
10522,1079100,Charles Schwab Challenge,2026-05-31
4404992, 524700,Charles Schwab Challenge,2026-05-31
9484, 524700,Charles Schwab Challenge,2026-05-31
4791222, 524700,Charles Schwab Challenge,2026-05-31
3550, 322988,Charles Schwab Challenge,2026-05-31
4408316, 322988,Charles Schwab Challenge,2026-05-31
4921329, 322988,Charles Schwab Challenge,2026-05-31
10166, 322988,Charles Schwab Challenge,2026-05-31
4426182, 249975,Charles Schwab Challenge,2026-05-31
6931, 249975,Charles Schwab Challenge,2026-05-31
5076021, 249975,Charles Schwab Challenge,2026-05-31
9506, 193875,Charles Schwab Challenge,2026-05-31
4848, 193875,Charles Schwab Challenge,2026-05-31
5860, 193875,Charles Schwab Challenge,2026-05-31
4425904, 170775,Charles Schwab Challenge,2026-05-31
11385, 141075,Charles Schwab Challenge,2026-05-31
8974, 141075,Charles Schwab Challenge,2026-05-31
5502, 141075,Charles Schwab Challenge,2026-05-31
5075652, 141075,Charles Schwab Challenge,2026-05-31
4375972, 141075,Charles Schwab Challenge,2026-05-31
8973,  92400,Charles Schwab Challenge,2026-05-31
4837368,  92400,Charles Schwab Challenge,2026-05-31
10030,  92400,Charles Schwab Challenge,2026-05-31
2283,  92400,Charles Schwab Challenge,2026-05-31
257,  92400,Charles Schwab Challenge,2026-05-31
1225,  92400,Charles Schwab Challenge,2026-05-31
1222,  69300,Charles Schwab Challenge,2026-05-31
4699418,  69300,Charles Schwab Challenge,2026-05-31
11456,  69300,Charles Schwab Challenge,2026-05-31
4419142,  69300,Charles Schwab Challenge,2026-05-31
5962,  59070,Charles Schwab Challenge,2026-05-31
11393,  59070,Charles Schwab Challenge,2026-05-31
9243,  59070,Charles Schwab Challenge,2026-05-31
10505,  47237,Charles Schwab Challenge,2026-05-31
11383,  47237,Charles Schwab Challenge,2026-05-31
4349547,  47237,Charles Schwab Challenge,2026-05-31
4513,  47237,Charles Schwab Challenge,2026-05-31
4602218,  47237,Charles Schwab Challenge,2026-05-31
5217048,  47237,Charles Schwab Challenge,2026-05-31
4404991,  47237,Charles Schwab Challenge,2026-05-31
1077,  29766,Charles Schwab Challenge,2026-05-31
6196,  29766,Charles Schwab Challenge,2026-05-31
5882,  29766,Charles Schwab Challenge,2026-05-31
4408318,  29766,Charles Schwab Challenge,2026-05-31
6962,  29766,Charles Schwab Challenge,2026-05-31
4691931,  29766,Charles Schwab Challenge,2026-05-31
4426181,  29766,Charles Schwab Challenge,2026-05-31
11056,  29766,Charles Schwab Challenge,2026-05-31
4858859,  29766,Charles Schwab Challenge,2026-05-31
11378,  29766,Charles Schwab Challenge,2026-05-31
1651,  29766,Charles Schwab Challenge,2026-05-31
4618114,  29766,Charles Schwab Challenge,2026-05-31
6001,  22968,Charles Schwab Challenge,2026-05-31
5215039,  22968,Charles Schwab Challenge,2026-05-31
4410612,  22968,Charles Schwab Challenge,2026-05-31
4358083,  22968,Charles Schwab Challenge,2026-05-31
11332,  22968,Charles Schwab Challenge,2026-05-31
4602673,  22968,Charles Schwab Challenge,2026-05-31
6825,  21780,Charles Schwab Challenge,2026-05-31
9143,  21780,Charles Schwab Challenge,2026-05-31
4832046,  21780,Charles Schwab Challenge,2026-05-31
4901368,  21780,Charles Schwab Challenge,2026-05-31
10664,  21780,Charles Schwab Challenge,2026-05-31
10980,  21780,Charles Schwab Challenge,2026-05-31
4858572,  21087,Charles Schwab Challenge,2026-05-31
5140,  20691,Charles Schwab Challenge,2026-05-31
4982182,  20691,Charles Schwab Challenge,2026-05-31
4425898,  20691,Charles Schwab Challenge,2026-05-31
9364,  20295,Charles Schwab Challenge,2026-05-31
6086,  19899,Charles Schwab Challenge,2026-05-31
676,  19899,Charles Schwab Challenge,2026-05-31
10058,  19899,Charles Schwab Challenge,2026-05-31
4408320,  19404,Charles Schwab Challenge,2026-05-31
10372,  19404,Charles Schwab Challenge,2026-05-31
10596,      0,Charles Schwab Challenge,2026-05-31
9040,      0,Charles Schwab Challenge,2026-05-31
5143175,      0,Charles Schwab Challenge,2026-05-31
5076025,      0,Charles Schwab Challenge,2026-05-31
7120,      0,Charles Schwab Challenge,2026-05-31
4351896,      0,Charles Schwab Challenge,2026-05-31
10057,      0,Charles Schwab Challenge,2026-05-31
4361934,      0,Charles Schwab Challenge,2026-05-31
2552,      0,Charles Schwab Challenge,2026-05-31
10863,      0,Charles Schwab Challenge,2026-05-31
8906,      0,Charles Schwab Challenge,2026-05-31
5209442,      0,Charles Schwab Challenge,2026-05-31
2230,      0,Charles Schwab Challenge,2026-05-31
4375977,      0,Charles Schwab Challenge,2026-05-31
4408319,      0,Charles Schwab Challenge,2026-05-31
9127,      0,Charles Schwab Challenge,2026-05-31
1264,      0,Charles Schwab Challenge,2026-05-31
6011,      0,Charles Schwab Challenge,2026-05-31
6922,      0,Charles Schwab Challenge,2026-05-31
7001,      0,Charles Schwab Challenge,2026-05-31
5076011,      0,Charles Schwab Challenge,2026-05-31
8889,      0,Charles Schwab Challenge,2026-05-31
5289811,      0,Charles Schwab Challenge,2026-05-31
10048,      0,Charles Schwab Challenge,2026-05-31
9221,      0,Charles Schwab Challenge,2026-05-31
11395,      0,Charles Schwab Challenge,2026-05-31
9600,      0,Charles Schwab Challenge,2026-05-31
5113338,      0,Charles Schwab Challenge,2026-05-31
5075548,      0,Charles Schwab Challenge,2026-05-31
4358081,      0,Charles Schwab Challenge,2026-05-31
1614,      0,Charles Schwab Challenge,2026-05-31
10562,      0,Charles Schwab Challenge,2026-05-31
205,      0,Charles Schwab Challenge,2026-05-31
9525,      0,Charles Schwab Challenge,2026-05-31
4423323,      0,Charles Schwab Challenge,2026-05-31
11387,      0,Charles Schwab Challenge,2026-05-31
10990,      0,Charles Schwab Challenge,2026-05-31
4589438,      0,Charles Schwab Challenge,2026-05-31
4408315,      0,Charles Schwab Challenge,2026-05-31
11183,      0,Charles Schwab Challenge,2026-05-31
3702,      0,Charles Schwab Challenge,2026-05-31
4868733,      0,Charles Schwab Challenge,2026-05-31
4587989,      0,Charles Schwab Challenge,2026-05-31
11253,      0,Charles Schwab Challenge,2026-05-31
3257,      0,Charles Schwab Challenge,2026-05-31
1407,      0,Charles Schwab Challenge,2026-05-31
11101,      0,Charles Schwab Challenge,2026-05-31
6701,      0,Charles Schwab Challenge,2026-05-31
3449,      0,Charles Schwab Challenge,2026-05-31
11382,      0,Charles Schwab Challenge,2026-05-31
5353540,      0,Charles Schwab Challenge,2026-05-31
3980,      0,Charles Schwab Challenge,2026-05-31
5147097,      0,Charles Schwab Challenge,2026-05-31
4671,      0,Charles Schwab Challenge,2026-05-31
4638,      0,Charles Schwab Challenge,2026-05-31
962,      0,Charles Schwab Challenge,2026-05-31
6937,      0,Charles Schwab Challenge,2026-05-31
10505,4000000,the Memorial Tournament pres. by Workday,2026-06-07
5076021,2200000,the Memorial Tournament pres. by Workday,2026-06-07
11119,1400000,the Memorial Tournament pres. by Workday,2026-06-07
5539, 920000,the Memorial Tournament pres. by Workday,2026-06-07
9938, 920000,the Memorial Tournament pres. by Workday,2026-06-07
4348470, 730000,the Memorial Tournament pres. by Workday,2026-06-07
4364865, 730000,the Memorial Tournament pres. by Workday,2026-06-07
10522, 646000,the Memorial Tournament pres. by Workday,2026-06-07
3832, 600000,the Memorial Tournament pres. by Workday,2026-06-07
7081, 535000,the Memorial Tournament pres. by Workday,2026-06-07
9530, 535000,the Memorial Tournament pres. by Workday,2026-06-07
388, 401800,the Memorial Tournament pres. by Workday,2026-06-07
3470, 401800,the Memorial Tournament pres. by Workday,2026-06-07
569, 401800,the Memorial Tournament pres. by Workday,2026-06-07
9478, 401800,the Memorial Tournament pres. by Workday,2026-06-07
10166, 401800,the Memorial Tournament pres. by Workday,2026-06-07
6007, 319000,the Memorial Tournament pres. by Workday,2026-06-07
5408, 319000,the Memorial Tournament pres. by Workday,2026-06-07
4848, 269333,the Memorial Tournament pres. by Workday,2026-06-07
10906, 269333,the Memorial Tournament pres. by Workday,2026-06-07
4513, 269333,the Memorial Tournament pres. by Workday,2026-06-07
5409, 200200,the Memorial Tournament pres. by Workday,2026-06-07
5338, 200200,the Memorial Tournament pres. by Workday,2026-06-07
257, 200200,the Memorial Tournament pres. by Workday,2026-06-07
10364, 200200,the Memorial Tournament pres. by Workday,2026-06-07
4587, 200200,the Memorial Tournament pres. by Workday,2026-06-07
4690755, 157500,the Memorial Tournament pres. by Workday,2026-06-07
4251, 157500,the Memorial Tournament pres. by Workday,2026-06-07
2230, 140000,the Memorial Tournament pres. by Workday,2026-06-07
10140, 140000,the Memorial Tournament pres. by Workday,2026-06-07
4589438, 140000,the Memorial Tournament pres. by Workday,2026-06-07
11382, 122500,the Memorial Tournament pres. by Workday,2026-06-07
10980, 122500,the Memorial Tournament pres. by Workday,2026-06-07
10054, 111500,the Memorial Tournament pres. by Workday,2026-06-07
5054388, 111500,the Memorial Tournament pres. by Workday,2026-06-07
1222,  99000,the Memorial Tournament pres. by Workday,2026-06-07
3550,  99000,the Memorial Tournament pres. by Workday,2026-06-07
9037,  99000,the Memorial Tournament pres. by Workday,2026-06-07
4375972,  90000,the Memorial Tournament pres. by Workday,2026-06-07
4408316,  82000,the Memorial Tournament pres. by Workday,2026-06-07
5143175,  82000,the Memorial Tournament pres. by Workday,2026-06-07
8961,  82000,the Memorial Tournament pres. by Workday,2026-06-07
5860,  70000,the Memorial Tournament pres. by Workday,2026-06-07
9658,  70000,the Memorial Tournament pres. by Workday,2026-06-07
3792,  70000,the Memorial Tournament pres. by Workday,2026-06-07
4791222,  58667,the Memorial Tournament pres. by Workday,2026-06-07
4425906,  58667,the Memorial Tournament pres. by Workday,2026-06-07
676,  58667,the Memorial Tournament pres. by Workday,2026-06-07
8974,  53000,the Memorial Tournament pres. by Workday,2026-06-07
6825,  53000,the Memorial Tournament pres. by Workday,2026-06-07
6086,  51000,the Memorial Tournament pres. by Workday,2026-06-07
4858572,  50000,the Memorial Tournament pres. by Workday,2026-06-07
9126,  49000,the Memorial Tournament pres. by Workday,2026-06-07
4901368,      0,the Memorial Tournament pres. by Workday,2026-06-07
1225,      0,the Memorial Tournament pres. by Workday,2026-06-07
9525,      0,the Memorial Tournament pres. by Workday,2026-06-07
1680,      0,the Memorial Tournament pres. by Workday,2026-06-07
1651,      0,the Memorial Tournament pres. by Workday,2026-06-07
5467,      0,the Memorial Tournament pres. by Workday,2026-06-07
11332,      0,the Memorial Tournament pres. by Workday,2026-06-07
11378,      0,the Memorial Tournament pres. by Workday,2026-06-07
4404992,      0,the Memorial Tournament pres. by Workday,2026-06-07
9143,      0,the Memorial Tournament pres. by Workday,2026-06-07
11250,      0,the Memorial Tournament pres. by Workday,2026-06-07
4410932,      0,the Memorial Tournament pres. by Workday,2026-06-07
4419142,      0,the Memorial Tournament pres. by Workday,2026-06-07
9025,      0,the Memorial Tournament pres. by Workday,2026-06-07
4837368,      0,the Memorial Tournament pres. by Workday,2026-06-07
4426181,      0,the Memorial Tournament pres. by Workday,2026-06-07
1030,      0,the Memorial Tournament pres. by Workday,2026-06-07
9484,      0,the Memorial Tournament pres. by Workday,2026-06-07
3702,      0,the Memorial Tournament pres. by Workday,2026-06-07
5338,1764000,RBC Canadian Open,2026-06-14
9037,1068200,RBC Canadian Open,2026-06-14
4364873, 676200,RBC Canadian Open,2026-06-14
10990, 392000,RBC Canadian Open,2026-06-14
2283, 392000,RBC Canadian Open,2026-06-14
4699329, 392000,RBC Canadian Open,2026-06-14
4982182, 392000,RBC Canadian Open,2026-06-14
5080439, 286650,RBC Canadian Open,2026-06-14
5143175, 286650,RBC Canadian Open,2026-06-14
4251, 286650,RBC Canadian Open,2026-06-14
4425875, 218050,RBC Canadian Open,2026-06-14
5054388, 218050,RBC Canadian Open,2026-06-14
11119, 218050,RBC Canadian Open,2026-06-14
5539, 218050,RBC Canadian Open,2026-06-14
4602673, 159250,RBC Canadian Open,2026-06-14
4587989, 159250,RBC Canadian Open,2026-06-14
11456, 159250,RBC Canadian Open,2026-06-14
11378, 159250,RBC Canadian Open,2026-06-14
1651, 159250,RBC Canadian Open,2026-06-14
4699418,  96857,RBC Canadian Open,2026-06-14
10596,  96857,RBC Canadian Open,2026-06-14
9364,  96857,RBC Canadian Open,2026-06-14
4364865,  96857,RBC Canadian Open,2026-06-14
5882,  96857,RBC Canadian Open,2026-06-14
8973,  96857,RBC Canadian Open,2026-06-14
5076025,  96857,RBC Canadian Open,2026-06-14
3257,  96857,RBC Canadian Open,2026-06-14
9938,  96857,RBC Canadian Open,2026-06-14
4358083,  58854,RBC Canadian Open,2026-06-14
4410612,  58854,RBC Canadian Open,2026-06-14
5075652,  58854,RBC Canadian Open,2026-06-14
6922,  58854,RBC Canadian Open,2026-06-14
4349547,  58854,RBC Canadian Open,2026-06-14
10592,  58854,RBC Canadian Open,2026-06-14
9658,  58854,RBC Canadian Open,2026-06-14
8906,  58854,RBC Canadian Open,2026-06-14
4587,  58854,RBC Canadian Open,2026-06-14
4858859,  46550,RBC Canadian Open,2026-06-14
4589438,  40670,RBC Canadian Open,2026-06-14
2230,  40670,RBC Canadian Open,2026-06-14
5548,  40670,RBC Canadian Open,2026-06-14
10664,  40670,RBC Canadian Open,2026-06-14
4358081,  40670,RBC Canadian Open,2026-06-14
4691931,  30119,RBC Canadian Open,2026-06-14
4423323,  30119,RBC Canadian Open,2026-06-14
6011,  30119,RBC Canadian Open,2026-06-14
4602218,  30119,RBC Canadian Open,2026-06-14
7001,  30119,RBC Canadian Open,2026-06-14
10980,  30119,RBC Canadian Open,2026-06-14
5217048,  24598,RBC Canadian Open,2026-06-14
5209442,  24598,RBC Canadian Open,2026-06-14
11383,  24598,RBC Canadian Open,2026-06-14
5077389,  23069,RBC Canadian Open,2026-06-14
8910,  23069,RBC Canadian Open,2026-06-14
9243,  23069,RBC Canadian Open,2026-06-14
4425904,  23069,RBC Canadian Open,2026-06-14
5215039,  23069,RBC Canadian Open,2026-06-14
5362018,  22442,RBC Canadian Open,2026-06-14
5962,  21854,RBC Canadian Open,2026-06-14
9221,  21854,RBC Canadian Open,2026-06-14
10054,  21854,RBC Canadian Open,2026-06-14
4348470,  21854,RBC Canadian Open,2026-06-14
9127,  21854,RBC Canadian Open,2026-06-14
3792,  21168,RBC Canadian Open,2026-06-14
4408315,  21168,RBC Canadian Open,2026-06-14
4618114,  20678,RBC Canadian Open,2026-06-14
4364735,  20678,RBC Canadian Open,2026-06-14
9600,  20678,RBC Canadian Open,2026-06-14
4868733,  20286,RBC Canadian Open,2026-06-14
5075548,  19992,RBC Canadian Open,2026-06-14
4408320,  19992,RBC Canadian Open,2026-06-14
4425898,  19698,RBC Canadian Open,2026-06-14
10588,  19502,RBC Canadian Open,2026-06-14
5214384,      0,RBC Canadian Open,2026-06-14
6001,      0,RBC Canadian Open,2026-06-14
3449,      0,RBC Canadian Open,2026-06-14
6086,      0,RBC Canadian Open,2026-06-14
5334768,      0,RBC Canadian Open,2026-06-14
6701,      0,RBC Canadian Open,2026-06-14
4085,      0,RBC Canadian Open,2026-06-14
10906,      0,RBC Canadian Open,2026-06-14
6090,      0,RBC Canadian Open,2026-06-14
1030,      0,RBC Canadian Open,2026-06-14
4566443,      0,RBC Canadian Open,2026-06-14
11393,      0,RBC Canadian Open,2026-06-14
1407,      0,RBC Canadian Open,2026-06-14
4304,      0,RBC Canadian Open,2026-06-14
10548,      0,RBC Canadian Open,2026-06-14
9126,      0,RBC Canadian Open,2026-06-14
5140,      0,RBC Canadian Open,2026-06-14
5214381,      0,RBC Canadian Open,2026-06-14
5147097,      0,RBC Canadian Open,2026-06-14
11101,      0,RBC Canadian Open,2026-06-14
4351896,      0,RBC Canadian Open,2026-06-14
10058,      0,RBC Canadian Open,2026-06-14
10522,      0,RBC Canadian Open,2026-06-14
4638,      0,RBC Canadian Open,2026-06-14
6196,      0,RBC Canadian Open,2026-06-14
4404991,      0,RBC Canadian Open,2026-06-14
8889,      0,RBC Canadian Open,2026-06-14
5076011,      0,RBC Canadian Open,2026-06-14
11056,      0,RBC Canadian Open,2026-06-14
7120,      0,RBC Canadian Open,2026-06-14
5113338,      0,RBC Canadian Open,2026-06-14
11387,      0,RBC Canadian Open,2026-06-14
10030,      0,RBC Canadian Open,2026-06-14
5362019,      0,RBC Canadian Open,2026-06-14
11385,      0,RBC Canadian Open,2026-06-14
10372,      0,RBC Canadian Open,2026-06-14
11183,      0,RBC Canadian Open,2026-06-14
5502,      0,RBC Canadian Open,2026-06-14
9525,      0,RBC Canadian Open,2026-06-14
4671,      0,RBC Canadian Open,2026-06-14
9506,      0,RBC Canadian Open,2026-06-14
1359,      0,RBC Canadian Open,2026-06-14
569,      0,RBC Canadian Open,2026-06-14
6931,      0,RBC Canadian Open,2026-06-14
11250,      0,RBC Canadian Open,2026-06-14
4791222,      0,RBC Canadian Open,2026-06-14
676,      0,RBC Canadian Open,2026-06-14
1264,      0,RBC Canadian Open,2026-06-14
4408319,      0,RBC Canadian Open,2026-06-14
186,      0,RBC Canadian Open,2026-06-14
5362021,      0,RBC Canadian Open,2026-06-14
10057,      0,RBC Canadian Open,2026-06-14
4375977,      0,RBC Canadian Open,2026-06-14
9144,      0,RBC Canadian Open,2026-06-14
10562,      0,RBC Canadian Open,2026-06-14
5362020,      0,RBC Canadian Open,2026-06-14
4921329,      0,RBC Canadian Open,2026-06-14
4426182,      0,RBC Canadian Open,2026-06-14
11395,      0,RBC Canadian Open,2026-06-14
10863,      0,RBC Canadian Open,2026-06-14
4832046,      0,RBC Canadian Open,2026-06-14
3778,      0,RBC Canadian Open,2026-06-14
3832,      0,RBC Canadian Open,2026-06-14
3683,      0,RBC Canadian Open,2026-06-14
5362017,      0,RBC Canadian Open,2026-06-14
11214,      0,RBC Canadian Open,2026-06-14
205,      0,RBC Canadian Open,2026-06-14
453,      0,RBC Canadian Open,2026-06-14
3980,      0,RBC Canadian Open,2026-06-14
4361934,      0,RBC Canadian Open,2026-06-14
5692,      0,RBC Canadian Open,2026-06-14
6937,      0,RBC Canadian Open,2026-06-14
6798,      0,RBC Canadian Open,2026-06-14
3474,      0,RBC Canadian Open,2026-06-14
11119,4500000,U.S. Open,2026-06-21
9938,2430000,U.S. Open,2026-06-21
4602673,1532530,U.S. Open,2026-06-21
10505, 920882,U.S. Open,2026-06-21
8906, 920882,U.S. Open,2026-06-21
9478, 920882,U.S. Open,2026-06-21
11099, 617090,U.S. Open,2026-06-21
5553, 617090,U.S. Open,2026-06-21
3550, 617090,U.S. Open,2026-06-21
4426181, 617090,U.S. Open,2026-06-21
569, 405862,U.S. Open,2026-06-21
4671, 405862,U.S. Open,2026-06-21
10906, 405862,U.S. Open,2026-06-21
5539, 405862,U.S. Open,2026-06-21
10140, 405862,U.S. Open,2026-06-21
10980, 405862,U.S. Open,2026-06-21
4375972, 280966,U.S. Open,2026-06-21
4404992, 280966,U.S. Open,2026-06-21
4848, 280966,U.S. Open,2026-06-21
4419142, 280966,U.S. Open,2026-06-21
10592, 280966,U.S. Open,2026-06-21
9037, 230220,U.S. Open,2026-06-21
5077389, 181101,U.S. Open,2026-06-21
4251, 181101,U.S. Open,2026-06-21
6922, 181101,U.S. Open,2026-06-21
4837368, 181101,U.S. Open,2026-06-21
9126, 181101,U.S. Open,2026-06-21
4364865, 181101,U.S. Open,2026-06-21
5882, 181101,U.S. Open,2026-06-21
3448, 128756,U.S. Open,2026-06-21
11383, 128756,U.S. Open,2026-06-21
9040, 128756,U.S. Open,2026-06-21
3470, 128756,U.S. Open,2026-06-21
9530, 128756,U.S. Open,2026-06-21
1225, 128756,U.S. Open,2026-06-21
4513, 128756,U.S. Open,2026-06-21
5054388, 101859,U.S. Open,2026-06-21
11378, 101859,U.S. Open,2026-06-21
5217048, 101859,U.S. Open,2026-06-21
11101,  72592,U.S. Open,2026-06-21
4690755,  72592,U.S. Open,2026-06-21
4921329,  72592,U.S. Open,2026-06-21
4844,  72592,U.S. Open,2026-06-21
5550,  72592,U.S. Open,2026-06-21
4425906,  72592,U.S. Open,2026-06-21
4382434,  72592,U.S. Open,2026-06-21
8974,  72592,U.S. Open,2026-06-21
11382,  72592,U.S. Open,2026-06-21
4858572,  72592,U.S. Open,2026-06-21
5076011,  51467,U.S. Open,2026-06-21
10364,  51467,U.S. Open,2026-06-21
11469,  51467,U.S. Open,2026-06-21
1674,  48625,U.S. Open,2026-06-21
4408316,  48625,U.S. Open,2026-06-21
5338,  48625,U.S. Open,2026-06-21
5467,  48625,U.S. Open,2026-06-21
5203535,  47242,U.S. Open,2026-06-21
4425905,  47242,U.S. Open,2026-06-21
5110034,  46551,U.S. Open,2026-06-21
4683800,  44938,U.S. Open,2026-06-21
5409,  44938,U.S. Open,2026-06-21
5209442,  44938,U.S. Open,2026-06-21
5860,  44938,U.S. Open,2026-06-21
5502,  44938,U.S. Open,2026-06-21
5076025,  44938,U.S. Open,2026-06-21
6825,  43324,U.S. Open,2026-06-21
4423323,  42858,U.S. Open,2026-06-21
5215013,      0,U.S. Open,2026-06-21
5362517,      0,U.S. Open,2026-06-21
5209798,      0,U.S. Open,2026-06-21
5362518,      0,U.S. Open,2026-06-21
5362521,      0,U.S. Open,2026-06-21
4364873,      0,U.S. Open,2026-06-21
4884239,      0,U.S. Open,2026-06-21
4982182,      0,U.S. Open,2026-06-21
3792,      0,U.S. Open,2026-06-21
5143175,      0,U.S. Open,2026-06-21
5076021,      0,U.S. Open,2026-06-21
1651,      0,U.S. Open,2026-06-21
11332,      0,U.S. Open,2026-06-21
4390719,      0,U.S. Open,2026-06-21
5579,      0,U.S. Open,2026-06-21
5408,      0,U.S. Open,2026-06-21
3702,      0,U.S. Open,2026-06-21
10046,      0,U.S. Open,2026-06-21
7081,      0,U.S. Open,2026-06-21
10914,      0,U.S. Open,2026-06-21
9131,      0,U.S. Open,2026-06-21
6007,      0,U.S. Open,2026-06-21
10343,      0,U.S. Open,2026-06-21
3832,      0,U.S. Open,2026-06-21
4587,      0,U.S. Open,2026-06-21
10047,      0,U.S. Open,2026-06-21
5362526,      0,U.S. Open,2026-06-21
5532,      0,U.S. Open,2026-06-21
4348470,      0,U.S. Open,2026-06-21
9780,      0,U.S. Open,2026-06-21
4355673,      0,U.S. Open,2026-06-21
4894340,      0,U.S. Open,2026-06-21
4410932,      0,U.S. Open,2026-06-21
5272338,      0,U.S. Open,2026-06-21
10990,      0,U.S. Open,2026-06-21
5289813,      0,U.S. Open,2026-06-21
10994,      0,U.S. Open,2026-06-21
6962,      0,U.S. Open,2026-06-21
8961,      0,U.S. Open,2026-06-21
4358081,      0,U.S. Open,2026-06-21
5289811,      0,U.S. Open,2026-06-21
9843,      0,U.S. Open,2026-06-21
10166,      0,U.S. Open,2026-06-21
7120,      0,U.S. Open,2026-06-21
8910,      0,U.S. Open,2026-06-21
388,      0,U.S. Open,2026-06-21
3449,      0,U.S. Open,2026-06-21
4895429,      0,U.S. Open,2026-06-21
9951,      0,U.S. Open,2026-06-21
4418567,      0,U.S. Open,2026-06-21
9484,      0,U.S. Open,2026-06-21
4691550,      0,U.S. Open,2026-06-21
5344766,      0,U.S. Open,2026-06-21
1067,      0,U.S. Open,2026-06-21
11250,      0,U.S. Open,2026-06-21
4587989,      0,U.S. Open,2026-06-21
4408320,      0,U.S. Open,2026-06-21
5210226,      0,U.S. Open,2026-06-21
4699297,      0,U.S. Open,2026-06-21
9025,      0,U.S. Open,2026-06-21
2201886,      0,U.S. Open,2026-06-21
4604053,      0,U.S. Open,2026-06-21
4602218,      0,U.S. Open,2026-06-21
6798,      0,U.S. Open,2026-06-21
5343786,      0,U.S. Open,2026-06-21
5027437,      0,U.S. Open,2026-06-21
5362522,      0,U.S. Open,2026-06-21
4372851,      0,U.S. Open,2026-06-21
186,      0,U.S. Open,2026-06-21
5326067,      0,U.S. Open,2026-06-21
4589438,      0,U.S. Open,2026-06-21
5344763,      0,U.S. Open,2026-06-21
5293232,      0,U.S. Open,2026-06-21
10048,      0,U.S. Open,2026-06-21
9899,      0,U.S. Open,2026-06-21
301,      0,U.S. Open,2026-06-21
5362520,      0,U.S. Open,2026-06-21
5362519,      0,U.S. Open,2026-06-21
4901368,      0,U.S. Open,2026-06-21
5289156,      0,U.S. Open,2026-06-21
4566443,      0,U.S. Open,2026-06-21
4567001,      0,U.S. Open,2026-06-21
5362523,      0,U.S. Open,2026-06-21
5289692,      0,U.S. Open,2026-06-21
5277550,      0,U.S. Open,2026-06-21
5360549,      0,U.S. Open,2026-06-21
5362524,      0,U.S. Open,2026-06-21
5327840,      0,U.S. Open,2026-06-21
1680,      0,U.S. Open,2026-06-21
4364873,3600000,Travelers Championship,2026-06-29
9478,2160000,Travelers Championship,2026-06-29
10592,1360000,Travelers Championship,2026-06-29
9037, 960000,Travelers Championship,2026-06-29
11119, 760000,Travelers Championship,2026-06-29
4419142, 760000,Travelers Championship,2026-06-29
9126, 623333,Travelers Championship,2026-06-29
4364865, 623333,Travelers Championship,2026-06-29
10166, 623333,Travelers Championship,2026-06-29
11378, 520000,Travelers Championship,2026-06-29
4404992, 520000,Travelers Championship,2026-06-29
5409, 440000,Travelers Championship,2026-06-29
9938, 440000,Travelers Championship,2026-06-29
11250, 310000,Travelers Championship,2026-06-29
4513, 310000,Travelers Championship,2026-06-29
10054, 310000,Travelers Championship,2026-06-29
5539, 310000,Travelers Championship,2026-06-29
5860, 310000,Travelers Championship,2026-06-29
5338, 310000,Travelers Championship,2026-06-29
4848, 310000,Travelers Championship,2026-06-29
6007, 310000,Travelers Championship,2026-06-29
4348470, 206833,Travelers Championship,2026-06-29
8906, 206833,Travelers Championship,2026-06-29
4587, 206833,Travelers Championship,2026-06-29
3792, 154500,Travelers Championship,2026-06-29
9025, 154500,Travelers Championship,2026-06-29
10364, 154500,Travelers Championship,2026-06-29
1225, 154500,Travelers Championship,2026-06-29
569, 154500,Travelers Championship,2026-06-29
11332, 114625,Travelers Championship,2026-06-29
8974, 114625,Travelers Championship,2026-06-29
4901368, 114625,Travelers Championship,2026-06-29
4408316, 114625,Travelers Championship,2026-06-29
11382, 114625,Travelers Championship,2026-06-29
10906, 114625,Travelers Championship,2026-06-29
4690755, 114625,Travelers Championship,2026-06-29
4982182, 114625,Travelers Championship,2026-06-29
1222,  82167,Travelers Championship,2026-06-29
3702,  82167,Travelers Championship,2026-06-29
4858572,  82167,Travelers Championship,2026-06-29
6086,  82167,Travelers Championship,2026-06-29
5408,  82167,Travelers Championship,2026-06-29
10522,  82167,Travelers Championship,2026-06-29
5076021,  64000,Travelers Championship,2026-06-29
4791222,  64000,Travelers Championship,2026-06-29
7081,  64000,Travelers Championship,2026-06-29
4425906,  52000,Travelers Championship,2026-06-29
9484,  52000,Travelers Championship,2026-06-29
5054388,  52000,Travelers Championship,2026-06-29
9525,  52000,Travelers Championship,2026-06-29
10980,  46750,Travelers Championship,2026-06-29
1030,  46750,Travelers Championship,2026-06-29
4589438,  46750,Travelers Championship,2026-06-29
10140,  46750,Travelers Championship,2026-06-29
4375972,  44250,Travelers Championship,2026-06-29
9843,  44250,Travelers Championship,2026-06-29
1680,  44250,Travelers Championship,2026-06-29
3832,  44250,Travelers Championship,2026-06-29
2230,  44250,Travelers Championship,2026-06-29
9530,  44250,Travelers Championship,2026-06-29
9658,  42500,Travelers Championship,2026-06-29
4410932,  41500,Travelers Championship,2026-06-29
4426181,  41500,Travelers Championship,2026-06-29
5077389,  41500,Travelers Championship,2026-06-29
388,  40500,Travelers Championship,2026-06-29
4251,  39500,Travelers Championship,2026-06-29
5467,  39500,Travelers Championship,2026-06-29
676,  39500,Travelers Championship,2026-06-29
10505,  38000,Travelers Championship,2026-06-29
9143,  37500,Travelers Championship,2026-06-29
3550,  37000,Travelers Championship,2026-06-29
8961,  36000,Travelers Championship,2026-06-29
4690755,1584000,John Deere Classic,2026-07-05
8973, 959200,John Deere Classic,2026-07-05
6922, 466400,John Deere Classic,2026-07-05
4404991, 466400,John Deere Classic,2026-07-05
676, 466400,John Deere Classic,2026-07-05
4791222, 297000,John Deere Classic,2026-07-05
11456, 297000,John Deere Classic,2026-07-05
4982182, 297000,John Deere Classic,2026-07-05
4858572, 239800,John Deere Classic,2026-07-05
686, 239800,John Deere Classic,2026-07-05
9040, 239800,John Deere Classic,2026-07-05
9243, 187000,John Deere Classic,2026-07-05
9569, 187000,John Deere Classic,2026-07-05
5211425, 187000,John Deere Classic,2026-07-05
4349547, 143000,John Deere Classic,2026-07-05
6937, 143000,John Deere Classic,2026-07-05
257, 143000,John Deere Classic,2026-07-05
3702, 143000,John Deere Classic,2026-07-05
4587989, 143000,John Deere Classic,2026-07-05
8889, 100056,John Deere Classic,2026-07-05
4844, 100056,John Deere Classic,2026-07-05
4404992, 100056,John Deere Classic,2026-07-05
6701, 100056,John Deere Classic,2026-07-05
3970, 100056,John Deere Classic,2026-07-05
4513,  66189,John Deere Classic,2026-07-05
5054388,  66189,John Deere Classic,2026-07-05
4602218,  66189,John Deere Classic,2026-07-05
9364,  66189,John Deere Classic,2026-07-05
5882,  66189,John Deere Classic,2026-07-05
4375977,  66189,John Deere Classic,2026-07-05
5076025,  66189,John Deere Classic,2026-07-05
10548,  49133,John Deere Classic,2026-07-05
4832046,  49133,John Deere Classic,2026-07-05
4921329,  49133,John Deere Classic,2026-07-05
3257,  49133,John Deere Classic,2026-07-05
5113338,  49133,John Deere Classic,2026-07-05
6086,  49133,John Deere Classic,2026-07-05
10522,  36520,John Deere Classic,2026-07-05
5962,  36520,John Deere Classic,2026-07-05
11183,  36520,John Deere Classic,2026-07-05
5147097,  36520,John Deere Classic,2026-07-05
4837368,  36520,John Deere Classic,2026-07-05
6011,  36520,John Deere Classic,2026-07-05
10577,  36520,John Deere Classic,2026-07-05
6931,  26206,John Deere Classic,2026-07-05
6196,  26206,John Deere Classic,2026-07-05
9143,  26206,John Deere Classic,2026-07-05
4699418,  26206,John Deere Classic,2026-07-05
4602673,  26206,John Deere Classic,2026-07-05
5076011,  21359,John Deere Classic,2026-07-05
11383,  21359,John Deere Classic,2026-07-05
8906,  21359,John Deere Classic,2026-07-05
10505,  21359,John Deere Classic,2026-07-05
5223199,  21359,John Deere Classic,2026-07-05
5724,  21359,John Deere Classic,2026-07-05
5502,  21359,John Deere Classic,2026-07-05
5467,  19888,John Deere Classic,2026-07-05
4425898,  19888,John Deere Classic,2026-07-05
2230,  19888,John Deere Classic,2026-07-05
5692,  19888,John Deere Classic,2026-07-05
11056,  19888,John Deere Classic,2026-07-05
10562,  19888,John Deere Classic,2026-07-05
4565482,  19272,John Deere Classic,2026-07-05
1264,  19008,John Deere Classic,2026-07-05
10058,  19008,John Deere Classic,2026-07-05
10030,  18480,John Deere Classic,2026-07-05
3683,  18480,John Deere Classic,2026-07-05
4426182,  18480,John Deere Classic,2026-07-05
4358083,  18480,John Deere Classic,2026-07-05
508,  17864,John Deere Classic,2026-07-05
5075652,  17864,John Deere Classic,2026-07-05
11382,  17864,John Deere Classic,2026-07-05
3375,  17336,John Deere Classic,2026-07-05
4426180,  17336,John Deere Classic,2026-07-05
6999,  17336,John Deere Classic,2026-07-05
5364557,  16984,John Deere Classic,2026-07-05
5139663,  16808,John Deere Classic,2026-07-05
1548,  16632,John Deere Classic,2026-07-05
5210226,      0,John Deere Classic,2026-07-05
10048,      0,John Deere Classic,2026-07-05
10990,      0,John Deere Classic,2026-07-05
5209442,      0,John Deere Classic,2026-07-05
9517,      0,John Deere Classic,2026-07-05
11101,      0,John Deere Classic,2026-07-05
5217048,      0,John Deere Classic,2026-07-05
4408318,      0,John Deere Classic,2026-07-05
9127,      0,John Deere Classic,2026-07-05
4410612,      0,John Deere Classic,2026-07-05
5143175,      0,John Deere Classic,2026-07-05
1614,      0,John Deere Classic,2026-07-05
1077,      0,John Deere Classic,2026-07-05
4425904,      0,John Deere Classic,2026-07-05
9025,      0,John Deere Classic,2026-07-05
11385,      0,John Deere Classic,2026-07-05
4868733,      0,John Deere Classic,2026-07-05
4423323,      0,John Deere Classic,2026-07-05
2283,      0,John Deere Classic,2026-07-05
9600,      0,John Deere Classic,2026-07-05
11387,      0,John Deere Classic,2026-07-05
10664,      0,John Deere Classic,2026-07-05
5167,      0,John Deere Classic,2026-07-05
5364556,      0,John Deere Classic,2026-07-05
3454,      0,John Deere Classic,2026-07-05
5215039,      0,John Deere Classic,2026-07-05
5075548,      0,John Deere Classic,2026-07-05
9221,      0,John Deere Classic,2026-07-05
4408315,      0,John Deere Classic,2026-07-05
5080439,      0,John Deere Classic,2026-07-05
11143,      0,John Deere Classic,2026-07-05
8974,      0,John Deere Classic,2026-07-05
4638,      0,John Deere Classic,2026-07-05
9144,      0,John Deere Classic,2026-07-05
2571,      0,John Deere Classic,2026-07-05
10596,      0,John Deere Classic,2026-07-05
7120,      0,John Deere Classic,2026-07-05
10054,      0,John Deere Classic,2026-07-05
11393,      0,John Deere Classic,2026-07-05
5619,      0,John Deere Classic,2026-07-05
9525,      0,John Deere Classic,2026-07-05
4408320,      0,John Deere Classic,2026-07-05
5215013,      0,John Deere Classic,2026-07-05
11332,      0,John Deere Classic,2026-07-05
3980,      0,John Deere Classic,2026-07-05
4351896,      0,John Deere Classic,2026-07-05
4339409,      0,John Deere Classic,2026-07-05
9658,      0,John Deere Classic,2026-07-05
4361934,      0,John Deere Classic,2026-07-05
4358081,      0,John Deere Classic,2026-07-05
1059,      0,John Deere Classic,2026-07-05
8910,      0,John Deere Classic,2026-07-05
5548,      0,John Deere Classic,2026-07-05
10940,      0,John Deere Classic,2026-07-05
11098,      0,John Deere Classic,2026-07-05
10372,      0,John Deere Classic,2026-07-05
5140,      0,John Deere Classic,2026-07-05
4267,      0,John Deere Classic,2026-07-05
10057,      0,John Deere Classic,2026-07-05
5289811,      0,John Deere Classic,2026-07-05
4618114,      0,John Deere Classic,2026-07-05
11395,      0,John Deere Classic,2026-07-05
10588,      0,John Deere Classic,2026-07-05
4408319,      0,John Deere Classic,2026-07-05
11170,      0,John Deere Classic,2026-07-05
6001,      0,John Deere Classic,2026-07-05
4602673,1575000,Genesis Scottish Open,2026-07-12
4410932, 985500,Genesis Scottish Open,2026-07-12
4426182, 720000,ISCO Championship,2026-07-12
9658, 436000,ISCO Championship,2026-07-12
5217048, 431888,Genesis Scottish Open,2026-07-12
4699418, 431888,Genesis Scottish Open,2026-07-12
11378, 431888,Genesis Scottish Open,2026-07-12
9037, 431888,Genesis Scottish Open,2026-07-12
3470, 270675,Genesis Scottish Open,2026-07-12
4425904, 270675,Genesis Scottish Open,2026-07-12
8910, 236000,ISCO Championship,2026-07-12
10577, 236000,ISCO Championship,2026-07-12
7081, 223200,Genesis Scottish Open,2026-07-12
11340, 223200,Genesis Scottish Open,2026-07-12
4408320, 189675,Genesis Scottish Open,2026-07-12
4690755, 189675,Genesis Scottish Open,2026-07-12
4364873, 153450,Genesis Scottish Open,2026-07-12
5539, 153450,Genesis Scottish Open,2026-07-12
5579, 153450,Genesis Scottish Open,2026-07-12
11119, 153450,Genesis Scottish Open,2026-07-12
4351896, 148000,ISCO Championship,2026-07-12
5113338, 148000,ISCO Championship,2026-07-12
676, 148000,ISCO Championship,2026-07-12
1483, 123750,Genesis Scottish Open,2026-07-12
11465, 123750,Genesis Scottish Open,2026-07-12
5553, 123750,Genesis Scottish Open,2026-07-12
4831, 123750,Genesis Scottish Open,2026-07-12
7541, 121000,ISCO Championship,2026-07-12
9040, 121000,ISCO Championship,2026-07-12
10863,  97650,Genesis Scottish Open,2026-07-12
4566443,  97650,Genesis Scottish Open,2026-07-12
4610056,  97650,Genesis Scottish Open,2026-07-12
9506,  97650,Genesis Scottish Open,2026-07-12
4304,  97650,Genesis Scottish Open,2026-07-12
10793,  93000,ISCO Championship,2026-07-12
5215013,  93000,ISCO Championship,2026-07-12
6931,  93000,ISCO Championship,2026-07-12
5076025,  93000,ISCO Championship,2026-07-12
6086,  93000,ISCO Championship,2026-07-12
3792,  78750,Genesis Scottish Open,2026-07-12
11250,  78750,Genesis Scottish Open,2026-07-12
5076021,  78750,Genesis Scottish Open,2026-07-12
9928,  78750,Genesis Scottish Open,2026-07-12
4348444,  65363,Genesis Scottish Open,2026-07-12
5956,  65363,Genesis Scottish Open,2026-07-12
4251,  65363,Genesis Scottish Open,2026-07-12
4425898,  65363,Genesis Scottish Open,2026-07-12
4791222,  65363,Genesis Scottish Open,2026-07-12
5147097,  65363,Genesis Scottish Open,2026-07-12
6922,  63000,ISCO Championship,2026-07-12
4410612,  63000,ISCO Championship,2026-07-12
5077389,  63000,ISCO Championship,2026-07-12
4587989,  63000,ISCO Championship,2026-07-12
3683,  63000,ISCO Championship,2026-07-12
6937,  63000,ISCO Championship,2026-07-12
5057,  49978,Genesis Scottish Open,2026-07-12
1225,  49978,Genesis Scottish Open,2026-07-12
11253,  49978,Genesis Scottish Open,2026-07-12
11101,  49978,Genesis Scottish Open,2026-07-12
4408316,  49978,Genesis Scottish Open,2026-07-12
9780,  49978,Genesis Scottish Open,2026-07-12
10770,  49978,Genesis Scottish Open,2026-07-12
4858859,  49978,Genesis Scottish Open,2026-07-12
10364,  37455,Genesis Scottish Open,2026-07-12
4691931,  37455,Genesis Scottish Open,2026-07-12
10166,  37455,Genesis Scottish Open,2026-07-12
4699290,  37455,Genesis Scottish Open,2026-07-12
10102,  37455,Genesis Scottish Open,2026-07-12
9723,  37455,Genesis Scottish Open,2026-07-12
6011,  36822,ISCO Championship,2026-07-12
4418567,  36822,ISCO Championship,2026-07-12
10048,  36822,ISCO Championship,2026-07-12
9243,  36822,ISCO Championship,2026-07-12
5119683,  36822,ISCO Championship,2026-07-12
4684825,  36822,ISCO Championship,2026-07-12
4638,  36822,ISCO Championship,2026-07-12
4872728,  36822,ISCO Championship,2026-07-12
4592245,  36822,ISCO Championship,2026-07-12
5550,  31455,Genesis Scottish Open,2026-07-12
4848,  31455,Genesis Scottish Open,2026-07-12
4565467,  27231,Genesis Scottish Open,2026-07-12
4921329,  27231,Genesis Scottish Open,2026-07-12
9126,  27231,Genesis Scottish Open,2026-07-12
5502,  27231,Genesis Scottish Open,2026-07-12
4699329,  27231,Genesis Scottish Open,2026-07-12
11113,  27231,Genesis Scottish Open,2026-07-12
5143175,  27231,Genesis Scottish Open,2026-07-12
5217198,  25600,ISCO Championship,2026-07-12
10057,  25600,ISCO Championship,2026-07-12
6196,  25600,ISCO Championship,2026-07-12
4358081,  25600,ISCO Championship,2026-07-12
7072,  24570,Genesis Scottish Open,2026-07-12
9474,  24570,Genesis Scottish Open,2026-07-12
4699414,  22680,Genesis Scottish Open,2026-07-12
9899,  22680,Genesis Scottish Open,2026-07-12
6962,  22680,Genesis Scottish Open,2026-07-12
11332,  22680,Genesis Scottish Open,2026-07-12
3449,  22680,Genesis Scottish Open,2026-07-12
6961,  20840,ISCO Championship,2026-07-12
4585547,  20840,ISCO Championship,2026-07-12
5075652,  20840,ISCO Championship,2026-07-12
4423323,  20840,ISCO Championship,2026-07-12
5724,  20840,ISCO Championship,2026-07-12
388,  19710,Genesis Scottish Open,2026-07-12
10980,  19710,Genesis Scottish Open,2026-07-12
7169,  19440,Genesis Scottish Open,2026-07-12
10058,  19260,Genesis Scottish Open,2026-07-12
10522,  19080,Genesis Scottish Open,2026-07-12
3729,  18900,Genesis Scottish Open,2026-07-12
4966085,  14616,ISCO Championship,2026-07-12
11098,  14616,ISCO Championship,2026-07-12
8973,  14616,ISCO Championship,2026-07-12
508,  14616,ISCO Championship,2026-07-12
3374,  14616,ISCO Championship,2026-07-12
1077,  14616,ISCO Championship,2026-07-12
10054,  14616,ISCO Championship,2026-07-12
5076011,  14616,ISCO Championship,2026-07-12
3980,  14616,ISCO Championship,2026-07-12
4408319,  14616,ISCO Championship,2026-07-12
11385,  10072,ISCO Championship,2026-07-12
1059,  10072,ISCO Championship,2026-07-12
10099,  10072,ISCO Championship,2026-07-12
6701,  10072,ISCO Championship,2026-07-12
9600,  10072,ISCO Championship,2026-07-12
4375977,   9360,ISCO Championship,2026-07-12
5962,   9360,ISCO Championship,2026-07-12
5146646,   9360,ISCO Championship,2026-07-12
10238,   9360,ISCO Championship,2026-07-12
9496,   9000,ISCO Championship,2026-07-12
4832046,   9000,ISCO Championship,2026-07-12
9144,   9000,ISCO Championship,2026-07-12
3375,   9000,ISCO Championship,2026-07-12
3970,   9000,ISCO Championship,2026-07-12
6031,   8720,ISCO Championship,2026-07-12
11395,   8720,ISCO Championship,2026-07-12
9127,   8560,ISCO Championship,2026-07-12
1264,   8560,ISCO Championship,2026-07-12
4895429,      0,Genesis Scottish Open,2026-07-12
5081630,      0,Genesis Scottish Open,2026-07-12
5408,      0,Genesis Scottish Open,2026-07-12
8961,      0,Genesis Scottish Open,2026-07-12
4585549,      0,Genesis Scottish Open,2026-07-12
10838,      0,Genesis Scottish Open,2026-07-12
5167,      0,Genesis Scottish Open,2026-07-12
4407372,      0,Genesis Scottish Open,2026-07-12
4604053,      0,Genesis Scottish Open,2026-07-12
4375972,      0,Genesis Scottish Open,2026-07-12
10030,      0,Genesis Scottish Open,2026-07-12
4901368,      0,Genesis Scottish Open,2026-07-12
6007,      0,Genesis Scottish Open,2026-07-12
1407,      0,Genesis Scottish Open,2026-07-12
11243,      0,Genesis Scottish Open,2026-07-12
9484,      0,Genesis Scottish Open,2026-07-12
11456,      0,Genesis Scottish Open,2026-07-12
4382434,      0,Genesis Scottish Open,2026-07-12
4868733,      0,Genesis Scottish Open,2026-07-12
9364,      0,Genesis Scottish Open,2026-07-12
4587,      0,Genesis Scottish Open,2026-07-12
5727,      0,Genesis Scottish Open,2026-07-12
5140,      0,Genesis Scottish Open,2026-07-12
5080439,      0,Genesis Scottish Open,2026-07-12
11383,      0,Genesis Scottish Open,2026-07-12
6958,      0,Genesis Scottish Open,2026-07-12
10839,      0,Genesis Scottish Open,2026-07-12
9478,      0,Genesis Scottish Open,2026-07-12
8974,      0,Genesis Scottish Open,2026-07-12
6798,      0,Genesis Scottish Open,2026-07-12
5105333,      0,Genesis Scottish Open,2026-07-12
1651,      0,Genesis Scottish Open,2026-07-12
10186,      0,Genesis Scottish Open,2026-07-12
4574,      0,Genesis Scottish Open,2026-07-12
3474,      0,Genesis Scottish Open,2026-07-12
4589438,      0,Genesis Scottish Open,2026-07-12
1694,      0,Genesis Scottish Open,2026-07-12
4364865,      0,Genesis Scottish Open,2026-07-12
10906,      0,Genesis Scottish Open,2026-07-12
11469,      0,Genesis Scottish Open,2026-07-12
9843,      0,Genesis Scottish Open,2026-07-12
5236241,      0,Genesis Scottish Open,2026-07-12
4684823,      0,Genesis Scottish Open,2026-07-12
9894,      0,Genesis Scottish Open,2026-07-12
10548,      0,Genesis Scottish Open,2026-07-12
6485,      0,Genesis Scottish Open,2026-07-12
11312,      0,Genesis Scottish Open,2026-07-12
4350033,      0,Genesis Scottish Open,2026-07-12
3829,      0,Genesis Scottish Open,2026-07-12
4348470,      0,Genesis Scottish Open,2026-07-12
4837368,      0,Genesis Scottish Open,2026-07-12
10140,      0,Genesis Scottish Open,2026-07-12
4426181,      0,Genesis Scottish Open,2026-07-12
9221,      0,Genesis Scottish Open,2026-07-12
4317,      0,Genesis Scottish Open,2026-07-12
186,      0,Genesis Scottish Open,2026-07-12
4456,      0,Genesis Scottish Open,2026-07-12
9240,      0,Genesis Scottish Open,2026-07-12
5147034,      0,Genesis Scottish Open,2026-07-12
9143,      0,Genesis Scottish Open,2026-07-12
3832,      0,Genesis Scottish Open,2026-07-12
10983,      0,Genesis Scottish Open,2026-07-12
4349547,      0,Genesis Scottish Open,2026-07-12
205,      0,Genesis Scottish Open,2026-07-12
11382,      0,Genesis Scottish Open,2026-07-12
4594474,      0,Genesis Scottish Open,2026-07-12
1222,      0,Genesis Scottish Open,2026-07-12
5965,      0,Genesis Scottish Open,2026-07-12
4671,      0,Genesis Scottish Open,2026-07-12
4425899,      0,Genesis Scottish Open,2026-07-12
11056,      0,Genesis Scottish Open,2026-07-12
4592244,      0,Genesis Scottish Open,2026-07-12
9525,      0,Genesis Scottish Open,2026-07-12
5312609,      0,Genesis Scottish Open,2026-07-12
10596,      0,Genesis Scottish Open,2026-07-12
5102625,      0,Genesis Scottish Open,2026-07-12
4408402,      0,Genesis Scottish Open,2026-07-12
10664,      0,Genesis Scottish Open,2026-07-12
4592246,      0,Genesis Scottish Open,2026-07-12
1499,      0,Genesis Scottish Open,2026-07-12
1336,      0,Genesis Scottish Open,2026-07-12
5243999,      0,Genesis Scottish Open,2026-07-12
5338,      0,Genesis Scottish Open,2026-07-12
4868795,      0,Genesis Scottish Open,2026-07-12
4837224,      0,Genesis Scottish Open,2026-07-12
5210226,      0,ISCO Championship,2026-07-12
4565482,      0,ISCO Championship,2026-07-12
5209442,      0,ISCO Championship,2026-07-12
4602218,      0,ISCO Championship,2026-07-12
4691,      0,ISCO Championship,2026-07-12
11183,      0,ISCO Championship,2026-07-12
9745,      0,ISCO Championship,2026-07-12
5857,      0,ISCO Championship,2026-07-12
4404991,      0,ISCO Championship,2026-07-12
9517,      0,ISCO Championship,2026-07-12
4884239,      0,ISCO Championship,2026-07-12
11402,      0,ISCO Championship,2026-07-12
8889,      0,ISCO Championship,2026-07-12
9569,      0,ISCO Championship,2026-07-12
4361932,      0,ISCO Championship,2026-07-12
4368975,      0,ISCO Championship,2026-07-12
4267,      0,ISCO Championship,2026-07-12
4361934,      0,ISCO Championship,2026-07-12
10571,      0,ISCO Championship,2026-07-12
6221,      0,ISCO Championship,2026-07-12
5139663,      0,ISCO Championship,2026-07-12
5076095,      0,ISCO Championship,2026-07-12
5619,      0,ISCO Championship,2026-07-12
1037,      0,ISCO Championship,2026-07-12
10372,      0,ISCO Championship,2026-07-12
2283,      0,ISCO Championship,2026-07-12
6280,      0,ISCO Championship,2026-07-12
5149784,      0,ISCO Championship,2026-07-12
10588,      0,ISCO Championship,2026-07-12
10475,      0,ISCO Championship,2026-07-12
11110,      0,ISCO Championship,2026-07-12
5215039,      0,ISCO Championship,2026-07-12
1782,      0,ISCO Championship,2026-07-12
5146643,      0,ISCO Championship,2026-07-12
10937,      0,ISCO Championship,2026-07-12
5257246,      0,ISCO Championship,2026-07-12
4408315,      0,ISCO Championship,2026-07-12
4723205,      0,ISCO Championship,2026-07-12
4699359,      0,ISCO Championship,2026-07-12
4358083,      0,ISCO Championship,2026-07-12
4408318,      0,ISCO Championship,2026-07-12
9374,      0,ISCO Championship,2026-07-12
6103,      0,ISCO Championship,2026-07-12
5771,      0,ISCO Championship,2026-07-12
5547,      0,ISCO Championship,2026-07-12
9494,      0,ISCO Championship,2026-07-12
5104243,      0,ISCO Championship,2026-07-12
4844,      0,ISCO Championship,2026-07-12
1548,      0,ISCO Championship,2026-07-12
5255075,      0,ISCO Championship,2026-07-12
10562,      0,ISCO Championship,2026-07-12
5149785,      0,ISCO Championship,2026-07-12
10231,      0,ISCO Championship,2026-07-12
3532,      0,ISCO Championship,2026-07-12
5289692,      0,ISCO Championship,2026-07-12
5075548,      0,ISCO Championship,2026-07-12
5416,      0,ISCO Championship,2026-07-12
5209798,      0,ISCO Championship,2026-07-12
5692,      0,ISCO Championship,2026-07-12
5548,      0,ISCO Championship,2026-07-12
11387,      0,ISCO Championship,2026-07-12
6979,      0,ISCO Championship,2026-07-12
2571,      0,ISCO Championship,2026-07-12
4663355,      0,ISCO Championship,2026-07-12
3257,      0,ISCO Championship,2026-07-12
10382,      0,ISCO Championship,2026-07-12
4321,      0,ISCO Championship,2026-07-12
5160067,      0,ISCO Championship,2026-07-12
4618114,      0,ISCO Championship,2026-07-12
9286,      0,ISCO Championship,2026-07-12
1067,      0,ISCO Championship,2026-07-12
5369401,      0,ISCO Championship,2026-07-12
5218152,      0,ISCO Championship,2026-07-12
7120,      0,ISCO Championship,2026-07-12
3454,      0,ISCO Championship,2026-07-12
4904325,      0,ISCO Championship,2026-07-12
10990,      0,ISCO Championship,2026-07-12
9461,      0,ISCO Championship,2026-07-12
4251,3200000,The Open,2026-07-19
4425906,1842000,The Open,2026-07-19
9938,1181000,The Open,2026-07-19
9478, 827500,The Open,2026-07-19
5539, 827500,The Open,2026-07-19
10231, 720000,Corales Puntacana Championship,2026-07-19
4610056, 550883,The Open,2026-07-19
10343, 550883,The Open,2026-07-19
7081, 550883,The Open,2026-07-19
5139663, 356000,Corales Puntacana Championship,2026-07-19
11402, 356000,Corales Puntacana Championship,2026-07-19
5409, 336380,The Open,2026-07-19
388, 336380,The Open,2026-07-19
4858859, 336380,The Open,2026-07-19
4375972, 336380,The Open,2026-07-19
5076021, 336380,The Open,2026-07-19
9126, 336380,The Open,2026-07-19
11382, 234325,The Open,2026-07-19
5860, 234325,The Open,2026-07-19
10046, 234325,The Open,2026-07-19
4565482, 180000,Corales Puntacana Championship,2026-07-19
5077389, 180000,Corales Puntacana Championship,2026-07-19
3702, 164575,The Open,2026-07-19
4690755, 164575,The Open,2026-07-19
3832, 164575,The Open,2026-07-19
4585549, 164575,The Open,2026-07-19
5338, 164575,The Open,2026-07-19
4348470, 164575,The Open,2026-07-19
10592, 164575,The Open,2026-07-19
9506, 164575,The Open,2026-07-19
10140, 164575,The Open,2026-07-19
1407, 164575,The Open,2026-07-19
6031, 135000,Corales Puntacana Championship,2026-07-19
5217198, 135000,Corales Puntacana Championship,2026-07-19
4868733, 135000,Corales Puntacana Championship,2026-07-19
10030, 113000,Corales Puntacana Championship,2026-07-19
10793, 113000,Corales Puntacana Championship,2026-07-19
4671, 102817,The Open,2026-07-19
6798, 102817,The Open,2026-07-19
6007, 102817,The Open,2026-07-19
11340, 102817,The Open,2026-07-19
4837368, 102817,The Open,2026-07-19
8973, 102817,The Open,2026-07-19
5054388, 102817,The Open,2026-07-19
11378, 102817,The Open,2026-07-19
5186648, 102817,The Open,2026-07-19
4587, 102817,The Open,2026-07-19
4368981, 102817,The Open,2026-07-19
4982182, 102817,The Open,2026-07-19
6001,  89000,Corales Puntacana Championship,2026-07-19
10238,  89000,Corales Puntacana Championship,2026-07-19
5211425,  89000,Corales Puntacana Championship,2026-07-19
11383,  89000,Corales Puntacana Championship,2026-07-19
10364,  69750,The Open,2026-07-19
10166,  69750,The Open,2026-07-19
4837,  69750,The Open,2026-07-19
4425904,  69750,The Open,2026-07-19
3470,  69750,The Open,2026-07-19
10548,  69750,The Open,2026-07-19
1059,  65000,Corales Puntacana Championship,2026-07-19
4351896,  65000,Corales Puntacana Championship,2026-07-19
4699359,  65000,Corales Puntacana Championship,2026-07-19
4884239,  65000,Corales Puntacana Championship,2026-07-19
10577,  65000,Corales Puntacana Championship,2026-07-19
5852,  51707,The Open,2026-07-19
4565467,  51707,The Open,2026-07-19
5579,  51707,The Open,2026-07-19
9899,  51707,The Open,2026-07-19
1483,  51707,The Open,2026-07-19
5152205,  51707,The Open,2026-07-19
9780,  51707,The Open,2026-07-19
4691,  47200,Corales Puntacana Championship,2026-07-19
6931,  47200,Corales Puntacana Championship,2026-07-19
4832046,  47200,Corales Puntacana Championship,2026-07-19
5075652,  47200,Corales Puntacana Championship,2026-07-19
4858572,  45183,The Open,2026-07-19
4921329,  45183,The Open,2026-07-19
5057,  45183,The Open,2026-07-19
10980,  45183,The Open,2026-07-19
9484,  45183,The Open,2026-07-19
10522,  45183,The Open,2026-07-19
4404992,  43025,The Open,2026-07-19
5080439,  43025,The Open,2026-07-19
4410932,  43025,The Open,2026-07-19
4837226,  43025,The Open,2026-07-19
3792,  43025,The Open,2026-07-19
5217048,  43025,The Open,2026-07-19
1674,  41988,The Open,2026-07-19
4848,  41988,The Open,2026-07-19
8961,  41350,The Open,2026-07-19
4408316,  41350,The Open,2026-07-19
5956,  40800,The Open,2026-07-19
5553,  40800,The Open,2026-07-19
5550,  40450,The Open,2026-07-19
7110,  40450,The Open,2026-07-19
4364865,  40450,The Open,2026-07-19
4513,  40075,The Open,2026-07-19
4597553,  40075,The Open,2026-07-19
5075661,  40075,The Open,2026-07-19
6849,  39825,The Open,2026-07-19
4699329,  39700,The Open,2026-07-19
6979,  32600,Corales Puntacana Championship,2026-07-19
4349547,  32600,Corales Puntacana Championship,2026-07-19
10562,  32600,Corales Puntacana Championship,2026-07-19
9600,  32600,Corales Puntacana Championship,2026-07-19
6196,  32600,Corales Puntacana Championship,2026-07-19
10186,  32600,Corales Puntacana Championship,2026-07-19
3257,  25600,Corales Puntacana Championship,2026-07-19
5076095,  25600,Corales Puntacana Championship,2026-07-19
4361934,  25600,Corales Puntacana Championship,2026-07-19
508,  25600,Corales Puntacana Championship,2026-07-19
11143,  19550,Corales Puntacana Championship,2026-07-19
5113338,  19550,Corales Puntacana Championship,2026-07-19
6103,  19550,Corales Puntacana Championship,2026-07-19
9494,  19550,Corales Puntacana Championship,2026-07-19
5692,  19550,Corales Puntacana Championship,2026-07-19
11183,  19550,Corales Puntacana Championship,2026-07-19
4837224,  19550,Corales Puntacana Championship,2026-07-19
11113,  19550,Corales Puntacana Championship,2026-07-19
10058,  13800,Corales Puntacana Championship,2026-07-19
4425890,  13800,Corales Puntacana Championship,2026-07-19
9144,  13800,Corales Puntacana Championship,2026-07-19
6011,  13800,Corales Puntacana Championship,2026-07-19
4358083,  13800,Corales Puntacana Championship,2026-07-19
3375,  13800,Corales Puntacana Championship,2026-07-19
4267,   9651,Corales Puntacana Championship,2026-07-19
774,   9651,Corales Puntacana Championship,2026-07-19
11393,   9651,Corales Puntacana Championship,2026-07-19
4408318,   9651,Corales Puntacana Championship,2026-07-19
5771,   9651,Corales Puntacana Championship,2026-07-19
1264,   9651,Corales Puntacana Championship,2026-07-19
9517,   9651,Corales Puntacana Championship,2026-07-19
4663355,   9651,Corales Puntacana Championship,2026-07-19
10099,   9651,Corales Puntacana Championship,2026-07-19
10475,   9651,Corales Puntacana Championship,2026-07-19
10048,   9651,Corales Puntacana Championship,2026-07-19
1222,   9651,Corales Puntacana Championship,2026-07-19
769,   9651,Corales Puntacana Championship,2026-07-19
11465,   9651,Corales Puntacana Championship,2026-07-19
4844,   8680,Corales Puntacana Championship,2026-07-19
4408320,   8680,Corales Puntacana Championship,2026-07-19
10057,   8680,Corales Puntacana Championship,2026-07-19
5724,   8680,Corales Puntacana Championship,2026-07-19
4592245,   8680,Corales Puntacana Championship,2026-07-19
11385,   8400,Corales Puntacana Championship,2026-07-19
11098,   8400,Corales Puntacana Championship,2026-07-19
11387,   8000,Corales Puntacana Championship,2026-07-19
4358081,   8000,Corales Puntacana Championship,2026-07-19
4638,   8000,Corales Puntacana Championship,2026-07-19
4382434,   8000,Corales Puntacana Championship,2026-07-19
4375977,   8000,Corales Puntacana Championship,2026-07-19
5416,   8000,Corales Puntacana Championship,2026-07-19
9243,   8000,Corales Puntacana Championship,2026-07-19
5167,   8000,Corales Puntacana Championship,2026-07-19
4321,   7600,Corales Puntacana Championship,2026-07-19
6961,   7600,Corales Puntacana Championship,2026-07-19
3532,   7400,Corales Puntacana Championship,2026-07-19
10588,   7400,Corales Puntacana Championship,2026-07-19
4418567,   7400,Corales Puntacana Championship,2026-07-19
5619,   7240,Corales Puntacana Championship,2026-07-19
4901368,      0,The Open,2026-07-19
9131,      0,The Open,2026-07-19
5289811,      0,The Open,2026-07-19
11332,      0,The Open,2026-07-19
5408,      0,The Open,2026-07-19
11250,      0,The Open,2026-07-19
4425899,      0,The Open,2026-07-19
4317,      0,The Open,2026-07-19
1651,      0,The Open,2026-07-19
10505,      0,The Open,2026-07-19
10906,      0,The Open,2026-07-19
9843,      0,The Open,2026-07-19
4348444,      0,The Open,2026-07-19
4426181,      0,The Open,2026-07-19
4585548,      0,The Open,2026-07-19
4604053,      0,The Open,2026-07-19
4407372,      0,The Open,2026-07-19
576,      0,The Open,2026-07-19
5727,      0,The Open,2026-07-19
569,      0,The Open,2026-07-19
5369476,      0,The Open,2026-07-19
4699418,      0,The Open,2026-07-19
11119,      0,The Open,2026-07-19
8906,      0,The Open,2026-07-19
5105333,      0,The Open,2026-07-19
11345,      0,The Open,2026-07-19
9530,      0,The Open,2026-07-19
4699375,      0,The Open,2026-07-19
4602673,      0,The Open,2026-07-19
4589438,      0,The Open,2026-07-19
11099,      0,The Open,2026-07-19
5289808,      0,The Open,2026-07-19
5344763,      0,The Open,2026-07-19
5289694,      0,The Open,2026-07-19
1680,      0,The Open,2026-07-19
9221,      0,The Open,2026-07-19
7067,      0,The Open,2026-07-19
9037,      0,The Open,2026-07-19
6970,      0,The Open,2026-07-19
4592246,      0,The Open,2026-07-19
4419142,      0,The Open,2026-07-19
11270,      0,The Open,2026-07-19
4364873,      0,The Open,2026-07-19
11101,      0,The Open,2026-07-19
5337673,      0,The Open,2026-07-19
4425907,      0,The Open,2026-07-19
8974,      0,The Open,2026-07-19
5364787,      0,The Open,2026-07-19
6962,      0,The Open,2026-07-19
9025,      0,The Open,2026-07-19
5147926,      0,The Open,2026-07-19
5369475,      0,The Open,2026-07-19
11253,      0,The Open,2026-07-19
5143177,      0,The Open,2026-07-19
5102625,      0,The Open,2026-07-19
82,      0,The Open,2026-07-19
4872728,      0,The Open,2026-07-19
5832,      0,The Open,2026-07-19
5110034,      0,The Open,2026-07-19
5062278,      0,The Open,2026-07-19
9963,      0,The Open,2026-07-19
78,      0,The Open,2026-07-19
186,      0,The Open,2026-07-19
3550,      0,The Open,2026-07-19
4390719,      0,The Open,2026-07-19
4592199,      0,The Open,2026-07-19
5716,      0,The Open,2026-07-19
5081630,      0,The Open,2026-07-19
1225,      0,The Open,2026-07-19
5312609,      0,The Open,2026-07-19
5146173,      0,The Open,2026-07-19
115,      0,The Open,2026-07-19
5467,      0,The Open,2026-07-19
4895429,      0,The Open,2026-07-19
9379,      0,The Open,2026-07-19
4699328,      0,The Open,2026-07-19
5327297,      0,The Open,2026-07-19
4683800,      0,The Open,2026-07-19
7541,      0,Corales Puntacana Championship,2026-07-19
5548,      0,Corales Puntacana Championship,2026-07-19
4410612,      0,Corales Puntacana Championship,2026-07-19
4423323,      0,Corales Puntacana Championship,2026-07-19
3683,      0,Corales Puntacana Championship,2026-07-19
5215039,      0,Corales Puntacana Championship,2026-07-19
7169,      0,Corales Puntacana Championship,2026-07-19
8889,      0,Corales Puntacana Championship,2026-07-19
3474,      0,Corales Puntacana Championship,2026-07-19
5426,      0,Corales Puntacana Championship,2026-07-19
8910,      0,Corales Puntacana Championship,2026-07-19
6937,      0,Corales Puntacana Championship,2026-07-19
4592244,      0,Corales Puntacana Championship,2026-07-19
4425898,      0,Corales Puntacana Championship,2026-07-19
4699414,      0,Corales Puntacana Championship,2026-07-19
11040,      0,Corales Puntacana Championship,2026-07-19
4618114,      0,Corales Puntacana Championship,2026-07-19
110,      0,Corales Puntacana Championship,2026-07-19
9240,      0,Corales Puntacana Championship,2026-07-19
7120,      0,Corales Puntacana Championship,2026-07-19
9496,      0,Corales Puntacana Championship,2026-07-19
3729,      0,Corales Puntacana Championship,2026-07-19
11243,      0,Corales Puntacana Championship,2026-07-19
5236241,      0,Corales Puntacana Championship,2026-07-19
4349592,      0,Corales Puntacana Championship,2026-07-19
3374,      0,Corales Puntacana Championship,2026-07-19
1359,      0,Corales Puntacana Championship,2026-07-19
4408315,      0,Corales Puntacana Championship,2026-07-19
9658,      0,Corales Puntacana Championship,2026-07-19
5369691,      0,Corales Puntacana Championship,2026-07-19
1782,      0,Corales Puntacana Championship,2026-07-19
5284,      0,Corales Puntacana Championship,2026-07-19
5962,      0,Corales Puntacana Championship,2026-07-19
6280,      0,Corales Puntacana Championship,2026-07-19
4693950,      0,Corales Puntacana Championship,2026-07-19
9745,      0,Corales Puntacana Championship,2026-07-19
10571,      0,Corales Puntacana Championship,2026-07-19
205,      0,Corales Puntacana Championship,2026-07-19
2283,      0,Corales Puntacana Championship,2026-07-19
5075548,      0,Corales Puntacana Championship,2026-07-19
1778,      0,Corales Puntacana Championship,2026-07-19
4304,      0,Corales Puntacana Championship,2026-07-19
5369692,      0,Corales Puntacana Championship,2026-07-19
5369690,      0,Corales Puntacana Championship,2026-07-19
11110,      0,Corales Puntacana Championship,2026-07-19
4723205,      0,Corales Puntacana Championship,2026-07-19
4408319,      0,Corales Puntacana Championship,2026-07-19
9569,      0,Corales Puntacana Championship,2026-07-19
10990,      0,Corales Puntacana Championship,2026-07-19
9461,      0,Corales Puntacana Championship,2026-07-19
9127,      0,Corales Puntacana Championship,2026-07-19
1548,      0,Corales Puntacana Championship,2026-07-19
6221,      0,Corales Puntacana Championship,2026-07-19
1564,      0,Corales Puntacana Championship,2026-07-19
962,      0,Corales Puntacana Championship,2026-07-19
6015,      0,Corales Puntacana Championship,2026-07-19
1586,      0,Corales Puntacana Championship,2026-07-19
10412,      0,Corales Puntacana Championship,2026-07-19
4015,      0,Corales Puntacana Championship,2026-07-19
11395,      0,Corales Puntacana Championship,2026-07-19
5212004,      0,Corales Puntacana Championship,2026-07-19
4350033,      0,Corales Puntacana Championship,2026-07-19
5215013,1584000,3M Open,2026-07-26
9478, 959200,3M Open,2026-07-26
5860, 429550,3M Open,2026-07-26
1225, 429550,3M Open,2026-07-26
10054, 429550,3M Open,2026-07-26
4587989, 429550,3M Open,2026-07-26
4602218, 286000,3M Open,2026-07-26
5882, 286000,3M Open,2026-07-26
6922, 257400,3M Open,2026-07-26
3550, 222200,3M Open,2026-07-26
6001, 222200,3M Open,2026-07-26
8974, 222200,3M Open,2026-07-26
9843, 172333,3M Open,2026-07-26
9040, 172333,3M Open,2026-07-26
1651, 172333,3M Open,2026-07-26
4358083, 138600,3M Open,2026-07-26
8889, 138600,3M Open,2026-07-26
5113338, 138600,3M Open,2026-07-26
4349547, 138600,3M Open,2026-07-26
4858859, 103840,3M Open,2026-07-26
4602673, 103840,3M Open,2026-07-26
9243, 103840,3M Open,2026-07-26
4404991, 103840,3M Open,2026-07-26
4671,  70086,3M Open,2026-07-26
1077,  70086,3M Open,2026-07-26
11387,  70086,3M Open,2026-07-26
10364,  70086,3M Open,2026-07-26
11056,  70086,3M Open,2026-07-26
4618114,  70086,3M Open,2026-07-26
4921329,  70086,3M Open,2026-07-26
11101,  55000,3M Open,2026-07-26
3449,  55000,3M Open,2026-07-26
4408320,  55000,3M Open,2026-07-26
9530,  45848,3M Open,2026-07-26
5369915,  45848,3M Open,2026-07-26
6196,  45848,3M Open,2026-07-26
9143,  45848,3M Open,2026-07-26
4408315,  45848,3M Open,2026-07-26
4375977,  36520,3M Open,2026-07-26
9506,  36520,3M Open,2026-07-26
9126,  36520,3M Open,2026-07-26
4361934,  36520,3M Open,2026-07-26
3970,  36520,3M Open,2026-07-26
4566443,  26413,3M Open,2026-07-26
6931,  26413,3M Open,2026-07-26
5209442,  26413,3M Open,2026-07-26
10030,  26413,3M Open,2026-07-26
4691931,  26413,3M Open,2026-07-26
8906,  26413,3M Open,2026-07-26
4699329,  26413,3M Open,2026-07-26
1264,  21428,3M Open,2026-07-26
10990,  21428,3M Open,2026-07-26
4351896,  21428,3M Open,2026-07-26
4610056,  21428,3M Open,2026-07-26
5075652,  20680,3M Open,2026-07-26
6011,  20504,3M Open,2026-07-26
9221,  20152,3M Open,2026-07-26
4425898,  20152,3M Open,2026-07-26
676,  20152,3M Open,2026-07-26
4565482,  19712,3M Open,2026-07-26
4426181,  19712,3M Open,2026-07-26
11385,  19360,3M Open,2026-07-26
11183,  19360,3M Open,2026-07-26
5962,  19008,3M Open,2026-07-26
4408318,  19008,3M Open,2026-07-26
3375,  18744,3M Open,2026-07-26
11383,      0,3M Open,2026-07-26
1548,      0,3M Open,2026-07-26
5139663,      0,3M Open,2026-07-26
4791222,      0,3M Open,2026-07-26
5215039,      0,3M Open,2026-07-26
5076025,      0,3M Open,2026-07-26
10562,      0,3M Open,2026-07-26
10372,      0,3M Open,2026-07-26
9569,      0,3M Open,2026-07-26
6937,      0,3M Open,2026-07-26
8910,      0,3M Open,2026-07-26
9525,      0,3M Open,2026-07-26
5210226,      0,3M Open,2026-07-26
11253,      0,3M Open,2026-07-26
4844,      0,3M Open,2026-07-26
5076011,      0,3M Open,2026-07-26
4699418,      0,3M Open,2026-07-26
7120,      0,3M Open,2026-07-26
5362517,      0,3M Open,2026-07-26
10596,      0,3M Open,2026-07-26
11382,      0,3M Open,2026-07-26
1059,      0,3M Open,2026-07-26
10664,      0,3M Open,2026-07-26
4426182,      0,3M Open,2026-07-26
5077389,      0,3M Open,2026-07-26
11456,      0,3M Open,2026-07-26
5080439,      0,3M Open,2026-07-26
5217048,      0,3M Open,2026-07-26
4423323,      0,3M Open,2026-07-26
9364,      0,3M Open,2026-07-26
4410612,      0,3M Open,2026-07-26
205,      0,3M Open,2026-07-26
5210225,      0,3M Open,2026-07-26
10057,      0,3M Open,2026-07-26
5369916,      0,3M Open,2026-07-26
4868733,      0,3M Open,2026-07-26
5548,      0,3M Open,2026-07-26
9127,      0,3M Open,2026-07-26
2230,      0,3M Open,2026-07-26
2283,      0,3M Open,2026-07-26
4832046,      0,3M Open,2026-07-26
11098,      0,3M Open,2026-07-26
4638,      0,3M Open,2026-07-26
11393,      0,3M Open,2026-07-26
5143175,      0,3M Open,2026-07-26
6701,      0,3M Open,2026-07-26
9144,      0,3M Open,2026-07-26
11395,      0,3M Open,2026-07-26
5502,      0,3M Open,2026-07-26
4982182,      0,3M Open,2026-07-26
10058,      0,3M Open,2026-07-26
10231,      0,3M Open,2026-07-26
9600,      0,3M Open,2026-07-26
10863,      0,3M Open,2026-07-26
10048,      0,3M Open,2026-07-26
9658,      0,3M Open,2026-07-26
5140,      0,3M Open,2026-07-26
5147097,      0,3M Open,2026-07-26
6086,      0,3M Open,2026-07-26
10588,      0,3M Open,2026-07-26
3257,      0,3M Open,2026-07-26
4358081,      0,3M Open,2026-07-26
3683,      0,3M Open,2026-07-26
4408319,      0,3M Open,2026-07-26
6825,      0,3M Open,2026-07-26
8973,      0,3M Open,2026-07-26
5293612,      0,3M Open,2026-07-26
257,      0,3M Open,2026-07-26
5147208,      0,3M Open,2026-07-26
9434,      0,3M Open,2026-07-26
5362021,      0,3M Open,2026-07-26
4837368,      0,3M Open,2026-07-26
5692,      0,3M Open,2026-07-26
10577,      0,3M Open,2026-07-26
5075548,      0,3M Open,2026-07-26
1222,      0,3M Open,2026-07-26
6999,      0,3M Open,2026-07-26
3980,      0,3M Open,2026-07-26
4425904,1800000,Rocket Classic,2026-08-02
10140,1090000,Rocket Classic,2026-08-02
10058, 690000,Rocket Classic,2026-08-02
11253, 490000,Rocket Classic,2026-08-02
5860, 370000,Rocket Classic,2026-08-02
10548, 370000,Rocket Classic,2026-08-02
4351896, 370000,Rocket Classic,2026-08-02
4602218, 252500,Rocket Classic,2026-08-02
5076021, 252500,Rocket Classic,2026-08-02
6007, 252500,Rocket Classic,2026-08-02
8974, 252500,Rocket Classic,2026-08-02
3449, 252500,Rocket Classic,2026-08-02
3702, 252500,Rocket Classic,2026-08-02
4425906, 252500,Rocket Classic,2026-08-02
11382, 162500,Rocket Classic,2026-08-02
4513, 162500,Rocket Classic,2026-08-02
11456, 162500,Rocket Classic,2026-08-02
11385, 162500,Rocket Classic,2026-08-02
4921329, 162500,Rocket Classic,2026-08-02
4618114, 109500,Rocket Classic,2026-08-02
9126, 109500,Rocket Classic,2026-08-02
4699418, 109500,Rocket Classic,2026-08-02
4691931, 109500,Rocket Classic,2026-08-02
5409, 109500,Rocket Classic,2026-08-02
5215039, 109500,Rocket Classic,2026-08-02
6922,  74500,Rocket Classic,2026-08-02
5054388,  74500,Rocket Classic,2026-08-02
4791222,  74500,Rocket Classic,2026-08-02
4408320,  74500,Rocket Classic,2026-08-02
6937,  74500,Rocket Classic,2026-08-02
5467,  57214,Rocket Classic,2026-08-02
5215013,  57214,Rocket Classic,2026-08-02
9506,  57214,Rocket Classic,2026-08-02
1222,  57214,Rocket Classic,2026-08-02
5882,  57214,Rocket Classic,2026-08-02
4349547,  57214,Rocket Classic,2026-08-02
6701,  57214,Rocket Classic,2026-08-02
5140,  44500,Rocket Classic,2026-08-02
4425898,  44500,Rocket Classic,2026-08-02
5077389,  44500,Rocket Classic,2026-08-02
9144,  44500,Rocket Classic,2026-08-02
11387,  37500,Rocket Classic,2026-08-02
4868733,  37500,Rocket Classic,2026-08-02
7081,  37500,Rocket Classic,2026-08-02
6011,  29780,Rocket Classic,2026-08-02
9243,  29780,Rocket Classic,2026-08-02
5139663,  29780,Rocket Classic,2026-08-02
4585549,  29780,Rocket Classic,2026-08-02
6962,  29780,Rocket Classic,2026-08-02
4858572,  23860,Rocket Classic,2026-08-02
4901368,  23860,Rocket Classic,2026-08-02
4982182,  23860,Rocket Classic,2026-08-02
257,  23860,Rocket Classic,2026-08-02
9040,  23860,Rocket Classic,2026-08-02
5209442,  23860,Rocket Classic,2026-08-02
11101,  23860,Rocket Classic,2026-08-02
10372,  23860,Rocket Classic,2026-08-02
10166,  23860,Rocket Classic,2026-08-02
4358083,  23860,Rocket Classic,2026-08-02
5217048,  22500,Rocket Classic,2026-08-02
9143,  22000,Rocket Classic,2026-08-02
9525,  22000,Rocket Classic,2026-08-02
3792,  22000,Rocket Classic,2026-08-02
11250,  22000,Rocket Classic,2026-08-02
4423323,  21300,Rocket Classic,2026-08-02
5147097,  21300,Rocket Classic,2026-08-02
8889,  21300,Rocket Classic,2026-08-02
5076025,  20800,Rocket Classic,2026-08-02
5692,  20800,Rocket Classic,2026-08-02
9127,  20500,Rocket Classic,2026-08-02
5408,  20200,Rocket Classic,2026-08-02
2230,  20200,Rocket Classic,2026-08-02
7120,  19900,Rocket Classic,2026-08-02
8910,      0,Rocket Classic,2026-08-02
6931,      0,Rocket Classic,2026-08-02
5143175,      0,Rocket Classic,2026-08-02
4404991,      0,Rocket Classic,2026-08-02
9364,      0,Rocket Classic,2026-08-02
4408315,      0,Rocket Classic,2026-08-02
5502,      0,Rocket Classic,2026-08-02
4404992,      0,Rocket Classic,2026-08-02
10577,      0,Rocket Classic,2026-08-02
9843,      0,Rocket Classic,2026-08-02
5360550,      0,Rocket Classic,2026-08-02
10522,      0,Rocket Classic,2026-08-02
5075548,      0,Rocket Classic,2026-08-02
10990,      0,Rocket Classic,2026-08-02
6086,      0,Rocket Classic,2026-08-02
6196,      0,Rocket Classic,2026-08-02
4671,      0,Rocket Classic,2026-08-02
1651,      0,Rocket Classic,2026-08-02
4419142,      0,Rocket Classic,2026-08-02
4410612,      0,Rocket Classic,2026-08-02
4408316,      0,Rocket Classic,2026-08-02
9221,      0,Rocket Classic,2026-08-02
5076011,      0,Rocket Classic,2026-08-02
2283,      0,Rocket Classic,2026-08-02
10030,      0,Rocket Classic,2026-08-02
4858859,      0,Rocket Classic,2026-08-02
10096,      0,Rocket Classic,2026-08-02
5075652,      0,Rocket Classic,2026-08-02
4426181,      0,Rocket Classic,2026-08-02
10596,      0,Rocket Classic,2026-08-02
10562,      0,Rocket Classic,2026-08-02
4699329,      0,Rocket Classic,2026-08-02
4587989,      0,Rocket Classic,2026-08-02
4589438,      0,Rocket Classic,2026-08-02
4361934,      0,Rocket Classic,2026-08-02
5113338,      0,Rocket Classic,2026-08-02
4408318,      0,Rocket Classic,2026-08-02
3683,      0,Rocket Classic,2026-08-02
4690755,      0,Rocket Classic,2026-08-02
4408319,      0,Rocket Classic,2026-08-02
1614,      0,Rocket Classic,2026-08-02
9658,      0,Rocket Classic,2026-08-02
4837368,      0,Rocket Classic,2026-08-02
10054,      0,Rocket Classic,2026-08-02
5080439,      0,Rocket Classic,2026-08-02
11393,      0,Rocket Classic,2026-08-02
11183,      0,Rocket Classic,2026-08-02
1077,      0,Rocket Classic,2026-08-02
10231,      0,Rocket Classic,2026-08-02
10863,      0,Rocket Classic,2026-08-02
4566443,      0,Rocket Classic,2026-08-02
6001,      0,Rocket Classic,2026-08-02
676,      0,Rocket Classic,2026-08-02
3980,      0,Rocket Classic,2026-08-02
11383,      0,Rocket Classic,2026-08-02
10057,      0,Rocket Classic,2026-08-02
5327834,      0,Rocket Classic,2026-08-02
4375977,      0,Rocket Classic,2026-08-02
4832046,      0,Rocket Classic,2026-08-02
11395,      0,Rocket Classic,2026-08-02
11119,      0,Rocket Classic,2026-08-02
5962,      0,Rocket Classic,2026-08-02
3454,      0,Rocket Classic,2026-08-02
5075260,      0,Rocket Classic,2026-08-02
11332,      0,Rocket Classic,2026-08-02
4683,      0,Rocket Classic,2026-08-02
4426182,      0,Rocket Classic,2026-08-02
11409,      0,Rocket Classic,2026-08-02
5291807,      0,Rocket Classic,2026-08-02
4425890,      0,Rocket Classic,2026-08-02
4358081,      0,Rocket Classic,2026-08-02
11056,      0,Rocket Classic,2026-08-02
10488,      0,Rocket Classic,2026-08-02
6825,      0,Rocket Classic,2026-08-02
4921329,1530000,Wyndham Championship,2026-08-09
6011, 926500,Wyndham Championship,2026-08-09
5077389, 586500,Wyndham Championship,2026-08-09
4349547, 416500,Wyndham Championship,2026-08-09
4589438, 328313,Wyndham Championship,2026-08-09
4602673, 328313,Wyndham Championship,2026-08-09
11332, 249475,Wyndham Championship,2026-08-09
10548, 249475,Wyndham Championship,2026-08-09
5860, 249475,Wyndham Championship,2026-08-09
3832, 249475,Wyndham Championship,2026-08-09
9484, 249475,Wyndham Championship,2026-08-09
1651, 189125,Wyndham Championship,2026-08-09
4408316, 189125,Wyndham Championship,2026-08-09
4848, 146625,Wyndham Championship,2026-08-09
11382, 146625,Wyndham Championship,2026-08-09
10030, 146625,Wyndham Championship,2026-08-09
9506, 146625,Wyndham Championship,2026-08-09
4602218, 146625,Wyndham Championship,2026-08-09
11456, 112625,Wyndham Championship,2026-08-09
5467, 112625,Wyndham Championship,2026-08-09
4408320, 112625,Wyndham Championship,2026-08-09
4587989,  88825,Wyndham Championship,2026-08-09
4982182,  88825,Wyndham Championship,2026-08-09
3257,  88825,Wyndham Championship,2026-08-09
9530,  68213,Wyndham Championship,2026-08-09
5113338,  68213,Wyndham Championship,2026-08-09
3683,  68213,Wyndham Championship,2026-08-09
11385,  68213,Wyndham Championship,2026-08-09
6931,  51047,Wyndham Championship,2026-08-09
4901368,  51047,Wyndham Championship,2026-08-09
10906,  51047,Wyndham Championship,2026-08-09
6086,  51047,Wyndham Championship,2026-08-09
10562,  51047,Wyndham Championship,2026-08-09
10522,  51047,Wyndham Championship,2026-08-09
6922,  51047,Wyndham Championship,2026-08-09
10054,  51047,Wyndham Championship,2026-08-09
5215013,  51047,Wyndham Championship,2026-08-09
4585549,  31906,Wyndham Championship,2026-08-09
9658,  31906,Wyndham Championship,2026-08-09
8906,  31906,Wyndham Championship,2026-08-09
11183,  31906,Wyndham Championship,2026-08-09
4671,  31906,Wyndham Championship,2026-08-09
1077,  31906,Wyndham Championship,2026-08-09
10057,  31906,Wyndham Championship,2026-08-09
9243,  31906,Wyndham Championship,2026-08-09
4425898,  31906,Wyndham Championship,2026-08-09
1614,  31906,Wyndham Championship,2026-08-09
6196,  31906,Wyndham Championship,2026-08-09
11253,  21403,Wyndham Championship,2026-08-09
4513,  21403,Wyndham Championship,2026-08-09
4691931,  21403,Wyndham Championship,2026-08-09
4358083,  21403,Wyndham Championship,2026-08-09
10980,  21403,Wyndham Championship,2026-08-09
4408319,  19635,Wyndham Championship,2026-08-09
5502,  19635,Wyndham Championship,2026-08-09
3980,  19635,Wyndham Championship,2026-08-09
4351896,  19635,Wyndham Championship,2026-08-09
8974,  19635,Wyndham Championship,2026-08-09
5338,  19635,Wyndham Championship,2026-08-09
4723205,  19635,Wyndham Championship,2026-08-09
4425906,  18530,Wyndham Championship,2026-08-09
6962,  18530,Wyndham Championship,2026-08-09
4364865,  18530,Wyndham Championship,2026-08-09
2230,  18530,Wyndham Championship,2026-08-09
5140,  18530,Wyndham Championship,2026-08-09
1222,  18530,Wyndham Championship,2026-08-09
4375977,  17595,Wyndham Championship,2026-08-09
6798,  17595,Wyndham Championship,2026-08-09
5209442,  17595,Wyndham Championship,2026-08-09
11056,  17595,Wyndham Championship,2026-08-09
9364,  17595,Wyndham Championship,2026-08-09
3792,  16745,Wyndham Championship,2026-08-09
5075548,  16745,Wyndham Championship,2026-08-09
3449,  16745,Wyndham Championship,2026-08-09
4566443,  16745,Wyndham Championship,2026-08-09
4404991,  16745,Wyndham Championship,2026-08-09
11101,  16065,Wyndham Championship,2026-08-09
9144,  16065,Wyndham Championship,2026-08-09
4868733,  16065,Wyndham Championship,2026-08-09
5692,  15725,Wyndham Championship,2026-08-09
5221421,      0,Wyndham Championship,2026-08-09
6017,      0,Wyndham Championship,2026-08-09
9525,      0,Wyndham Championship,2026-08-09
2283,      0,Wyndham Championship,2026-08-09
4404992,      0,Wyndham Championship,2026-08-09
5882,      0,Wyndham Championship,2026-08-09
4791222,      0,Wyndham Championship,2026-08-09
9040,      0,Wyndham Championship,2026-08-09
1225,      0,Wyndham Championship,2026-08-09
5076021,      0,Wyndham Championship,2026-08-09
5147097,      0,Wyndham Championship,2026-08-09
7120,      0,Wyndham Championship,2026-08-09
5075652,      0,Wyndham Championship,2026-08-09
10505,      0,Wyndham Championship,2026-08-09
4410612,      0,Wyndham Championship,2026-08-09
5217048,      0,Wyndham Championship,2026-08-09
5215039,      0,Wyndham Championship,2026-08-09
5408,      0,Wyndham Championship,2026-08-09
4426181,      0,Wyndham Championship,2026-08-09
5139663,      0,Wyndham Championship,2026-08-09
4408318,      0,Wyndham Championship,2026-08-09
5962,      0,Wyndham Championship,2026-08-09
6825,      0,Wyndham Championship,2026-08-09
10596,      0,Wyndham Championship,2026-08-09
4358081,      0,Wyndham Championship,2026-08-09
676,      0,Wyndham Championship,2026-08-09
5076011,      0,Wyndham Championship,2026-08-09
8910,      0,Wyndham Championship,2026-08-09
8889,      0,Wyndham Championship,2026-08-09
11383,      0,Wyndham Championship,2026-08-09
10231,      0,Wyndham Championship,2026-08-09
4858572,      0,Wyndham Championship,2026-08-09
9143,      0,Wyndham Championship,2026-08-09
257,      0,Wyndham Championship,2026-08-09
4858859,      0,Wyndham Championship,2026-08-09
5076025,      0,Wyndham Championship,2026-08-09
11387,      0,Wyndham Championship,2026-08-09
4426182,      0,Wyndham Championship,2026-08-09
3532,      0,Wyndham Championship,2026-08-09
1264,      0,Wyndham Championship,2026-08-09
6001,      0,Wyndham Championship,2026-08-09
4361934,      0,Wyndham Championship,2026-08-09
11395,      0,Wyndham Championship,2026-08-09
8961,      0,Wyndham Championship,2026-08-09
6937,      0,Wyndham Championship,2026-08-09
10990,      0,Wyndham Championship,2026-08-09
9127,      0,Wyndham Championship,2026-08-09
3970,      0,Wyndham Championship,2026-08-09
4425890,      0,Wyndham Championship,2026-08-09
5211425,      0,Wyndham Championship,2026-08-09
1680,      0,Wyndham Championship,2026-08-09
10058,      0,Wyndham Championship,2026-08-09
4423323,      0,Wyndham Championship,2026-08-09
4618114,      0,Wyndham Championship,2026-08-09
9221,      0,Wyndham Championship,2026-08-09
4699329,      0,Wyndham Championship,2026-08-09
6701,      0,Wyndham Championship,2026-08-09
5080439,      0,Wyndham Championship,2026-08-09
5390033,      0,Wyndham Championship,2026-08-09
5348548,      0,Wyndham Championship,2026-08-09
10863,      0,Wyndham Championship,2026-08-09
4408315,      0,Wyndham Championship,2026-08-09
1059,      0,Wyndham Championship,2026-08-09
4832046,      0,Wyndham Championship,2026-08-09
10372,      0,Wyndham Championship,2026-08-09
4837368,      0,Wyndham Championship,2026-08-09
10577,      0,Wyndham Championship,2026-08-09